Price,Close,Close,Close,Close,High,High,High,High,Low,Low,Low,Low,Open,Open,Open,Open,Volume,Volume,Volume,Volume
Ticker,JNJ,KO,NVDA,^GSPC,JNJ,KO,NVDA,^GSPC,JNJ,KO,NVDA,^GSPC,JNJ,KO,NVDA,^GSPC,JNJ,KO,NVDA,^GSPC
Date,,,,,,,,,,,,,,,,,,,,
2022-01-03,153.54559326171875,52.996700286865234,30.064437866210938,4796.56005859375,153.59931078538088,53.00563924509212,30.653330092823726,4796.64013671875,151.36155866821716,52.174493409102105,29.72906837882745,4758.169921875,152.35512115456405,52.56772234074356,29.75901272897904,4778.14013671875,6012200,20187300,391547000,3831020000
2022-01-04,153.13385009765625,53.881473541259766,29.235002517700195,4793.5400390625,154.2169144425138,54.10489978409875,30.4107900618583,4818.6201171875,152.70420552785393,53.25587937946784,28.295769466721307,4774.27001953125,153.11594425695273,53.380997529983446,30.22014872146046,4804.509765625,6748400,26141600,527154000,4683170000
2022-01-05,154.15423583984375,54.32831954956055,27.552165985107422,4700.580078125,155.2731116581807,54.694738407761065,29.360763730610284,4797.7001953125,153.6171699837812,53.66697644955269,27.481300160033374,4699.43994140625,153.9573126031643,53.702725462356035,28.89463969212421,4787.990234375,7016100,22507300,498064000,4887960000
2022-01-06,153.62615966796875,54.04234313964844,28.125089645385742,4696.0498046875,154.40489301867078,54.62324935163041,28.384601671640166,4725.009765625,152.88322434084236,54.01552967103624,27.014180561981156,4671.259765625,154.09160226522607,54.04234313964844,27.588099741783743,4693.39013671875,7301600,17902300,454186000,4295280000
2022-01-07,155.70277404785156,53.91720962524414,27.195837020874023,4677.02978515625,156.01606477626288,54.26575393499366,28.36863182128929,4707.9501953125,153.17859701374113,53.67590893175299,27.00619325798991,4662.740234375,153.473981902718,53.87252166002449,28.08815932852312,4697.66015625,6986000,12307900,409939000,4181510000
2022-01-10,154.93299865722656,54.006587982177734,27.34854507446289,4670.2900390625,155.47006461595964,54.35513235159154,27.417415742831537,4673.02001953125,154.10056144516045,53.78316175468542,25.595842154471903,4582.240234375,155.47006461595964,54.11383161679421,26.53108283341497,4655.33984375,7698400,20954300,594681000,4511810000
2022-01-11,153.28604125976562,54.024471282958984,27.764766693115234,4713.06982421875,155.20155679107964,54.060220303387844,28.012302113287383,4714.1298828125,152.26562669931155,53.47931065366865,26.788604374623805,4638.27001953125,154.8435218659984,54.00659677274455,27.271694808280543,4669.14013671875,8341100,19369600,404089000,4101590000
2022-01-12,151.97918701171875,54.104888916015625,27.94642448425293,4726.35009765625,152.2387739404337,54.238942589263225,28.541304091564665,4748.830078125,150.68129334261454,53.792090193344784,27.55615795137803,4706.7099609375,151.8180753937496,54.09594995893785,28.01429568316571,4728.58984375,8116200,15753800,383413000,4048220000
2022-01-13,151.05726623535156,54.42662811279297,26.525102615356445,4659.02978515625,152.54313743291644,54.55174624950066,28.426524502555264,4744.1298828125,150.7887468149625,53.970836718542344,26.44824562453565,4650.2900390625,151.27209542982254,54.10489381313689,28.325714311206685,4733.56005859375,6159400,14318000,540171000,4251730000
2022-01-14,150.23374938964844,54.86454391479492,26.89141082763672,4662.85009765625,150.95877901833728,54.918167436746415,27.145933083886067,4665.1298828125,149.6161275109409,53.94402894784988,26.16078494329548,4614.75,150.94088683211203,54.462376023192924,26.250616103881455,4637.990234375,5847700,19729600,395832000,4338490000
2022-01-18,149.57138061523438,54.42662811279297,25.85436248779297,4577.10986328125,150.1263388573962,54.68579993488167,26.58798300658738,4632.240234375,148.595710157742,54.024460238222865,25.721612797184033,4568.7001953125,149.57138061523438,54.569620756060836,26.21069250845789,4632.240234375,7815600,21976700,424270000,4748700000
2022-01-19,149.10592651367188,54.51599884033203,25.019926071166992,4532.759765625,151.0214421111314,54.676865994893056,26.49315412052587,4611.5498046875,148.87320517014857,54.122769912079335,25.00495484889991,4530.2001953125,149.66088476415834,54.21213903829606,26.03002667015831,4588.02978515625,5926500,18654700,488315000,4465740000
2022-01-20,147.91543579101562,54.292564392089844,24.10464859008789,4482.72998046875,150.25164987691556,54.90921945169562,25.530965939014035,4602.10986328125,147.62899692373495,54.26575434012837,24.032783295530688,4477.9501953125,149.7414357663807,54.51599058300379,25.256482739354098,4547.35009765625,6011300,23002400,435181000,4640870000
2022-01-21,147.57525634765625,54.024471282958984,23.330108642578125,4397.93994140625,150.3679799764452,54.78411921639403,24.77638710347708,4494.52001953125,147.21722151075812,53.97978671203002,23.219317018447754,4395.33984375,148.75679589409648,54.587506422463754,23.46285831524654,4471.3798828125,10550300,26643200,718958000,5589100000
2022-01-24,145.87460327148438,53.5865364074707,23.328109741210938,4410.1298828125,146.9487216824842,53.93508071720034,23.33609413936129,4417.35009765625,141.6586717770682,52.34428734080841,20.848775161443296,4222.6201171875,146.79655615959024,53.53291630395112,22.28806668333725,4356.31982421875,14054600,30185100,913982000,6928110000
2022-01-25,150.04574584960938,53.46142578125,22.282079696655273,4356.4501953125,150.74392335478336,53.66697749505339,22.899918732655927,4411.009765625,144.6303834809927,52.45153830976941,21.958688693508016,4287.10986328125,145.32856098616668,53.05032235364324,22.503662949858125,4366.64013671875,14081200,19027100,664616000,5145050000
2022-01-26,150.7170867919922,53.26481246948242,22.729238510131836,4349.93017578125,151.4689682345122,53.93509116704745,24.011825408045205,4453.22998046875,148.7926117530204,52.91626809222281,22.25812470136362,4304.7998046875,149.965191691317,53.4346185880957,23.196360119400378,4408.43017578125,9963200,19190200,755959000,5570640000
2022-01-27,152.69525146484375,53.30950164794922,21.90279197692871,4326.509765625,153.8767911484943,54.45344289336052,23.949941032665212,4428.740234375,151.27204438439162,53.17544454172153,21.634296122293797,4309.5,151.62113317126017,53.515053377408194,23.523742843058645,4380.580078125,9066700,18893800,573353000,5214200000
2022-01-28,153.7693634033203,54.37300491333008,22.797109603881836,4431.85009765625,153.81412117581883,54.41768947538691,22.815075451930607,4432.72021484375,151.54057110933263,52.674964281462096,21.25600841056538,4292.4599609375,152.9369261990971,53.07713215840068,21.970663459736492,4336.18994140625,9783100,19101500,543774000,5031090000
2022-01-31,154.21693420410156,54.52493667602539,24.440021514892578,4515.5498046875,154.51231915186506,54.6411192723507,24.462979042497025,4516.89013671875,152.9011483941099,53.75635329437194,23.008714190792233,4414.02001953125,153.50981047447848,53.8904069893192,23.138469245849574,4431.7900390625,8054800,22045300,564680000,5098610000
2022-02-01,152.95484924316406,54.122764587402344,24.591737747192383,4546.5400390625,153.93945205810076,54.64111160504818,25.09778572349941,4550.490234375,151.65694198549917,53.76528129927789,23.845141169237973,4483.52978515625,153.72463657899402,54.435559907601274,25.056862343622143,4519.56982421875,8154700,20841700,518925000,4816830000
2022-02-02,154.64657592773438,54.67687225341797,25.194602966308594,4589.3798828125,154.84349920515703,54.757305839905214,25.768522130396807,4595.31005859375,151.8538520198107,54.12277610718027,24.506895639622556,4544.31982421875,151.8538520198107,54.17639622536242,25.74556650609357,4566.39013671875,7382800,20225600,543419000,4481580000
2022-02-03,154.63763427734375,55.061161041259766,23.90302848815918,4477.43994140625,155.40742163605182,55.21308924227076,25.029908072459417,4542.8798828125,153.0980595599276,54.14958160755257,23.735344703016967,4470.39013671875,154.19008380502873,54.462376967995056,24.412070997898297,4535.41015625,6240400,19440500,410178000,4401970000
2022-02-04,153.62615966796875,54.480247497558594,24.273334503173828,4500.52978515625,154.83453759235246,55.12371608829947,24.588741109350796,4539.66015625,152.27454867481816,54.13170314731178,23.587624264136814,4451.5,153.06224177503017,54.95391339205995,23.926985971116707,4482.7900390625,6392200,17403700,354829000,4706290000
2022-02-07,153.11598205566406,55.05221939086914,24.681568145751953,4483.8701171875,153.7246578664521,55.15946643138841,25.134714224947395,4521.85986328125,152.17612322995427,54.39087968706818,24.156554856715452,4471.47021484375,153.42927288362,54.85560663501096,24.326235718859127,4505.75,6065700,17846400,376868000,4228480000
2022-02-08,153.51870727539062,55.40970230102539,25.06085777282715,4521.5400390625,154.00206927404525,55.70462654646948,25.1826284503669,4531.31982421875,152.5967547002794,55.177340533365374,23.9349754129476,4465.39990234375,153.08011669893406,55.25777410855799,24.31326352452048,4480.02001953125,6296100,18771700,410359000,4459620000
2022-02-09,153.50083923339844,54.551753997802734,26.654857635498047,4587.18017578125,154.1721648251959,55.69569530642628,26.674820539667994,4590.02978515625,153.28601012708776,54.42663584332379,25.30539691614702,4547.0,154.01999933003364,55.561638192790824,25.573890933293747,4547.0,5387500,23595600,524282000,4524350000
2022-02-10,151.64797973632812,54.85560607910156,25.775508880615234,4504.080078125,153.25916394874972,55.677812926135566,26.874441331249937,4588.919921875,151.54057200821825,53.801034055844184,25.551930467088578,4484.31005859375,153.25021785745878,53.94402669920721,25.946189220246694,4553.240234375,10355300,23561500,513200000,5314860000
2022-02-11,150.11737060546875,53.881473541259766,23.904027938842773,4418.64013671875,152.30140522178394,55.39183371553426,26.102892162644004,4526.330078125,149.9651914407356,53.75635539074416,23.728359741691555,4401.41015625,151.3794524325345,55.20415648976086,25.86733526286818,4506.27001953125,13125300,22781400,605472000,5251500000
2022-02-14,148.22872924804688,54.230010986328125,24.221431732177734,4401.669921875,150.35011422145794,54.32831906605566,24.828289834461444,4426.22021484375,146.62649082909985,52.97882282305428,23.71039212787544,4364.83984375,150.1173928812445,53.765284051661084,23.88905685535075,4412.60986328125,8967600,23641300,440424000,4600390000
2022-02-15,149.75933837890625,54.4355583190918,26.445247650146484,4471.06982421875,150.4664757809001,55.213080527477956,26.495152996985595,4472.77001953125,148.59570440745978,54.18532207023492,24.73746018087607,4429.27978515625,148.70312580945077,54.480242876500064,24.902149348458707,4429.27978515625,6631400,13408700,699869000,4430830000
2022-02-16,149.66981506347656,54.42662811279297,26.461219787597656,4475.009765625,150.23371929607939,54.87348054915674,26.532087521274008,4489.5498046875,148.3271638250289,54.12276831969706,25.504020874216884,4429.68017578125,149.0253413763693,54.39087909967262,26.20969406635335,4455.75,8482400,15484700,732676000,4283640000
2022-02-17,148.75680541992188,55.51694869995117,24.460979461669922,4380.259765625,149.8846275207107,55.659941350844775,25.736579445551385,4456.06005859375,147.62002356983706,53.988714104298204,24.11962263116749,4373.81005859375,149.66981206807725,54.113832247678396,25.581869827185127,4456.06005859375,6227600,21468700,810595000,4539420000
2022-02-18,147.16233825683594,55.892311096191406,23.597604751586914,4348.8701171875,148.96403191142704,56.14254740335349,24.939080822959642,4394.60009765625,146.7839842388716,55.400774031745605,23.056622713383796,4327.22021484375,148.6217057183886,55.51695322623429,24.621677178101823,4384.56982421875,6423200,21975000,761255000,4708060000
2022-02-22,145.1624298095703,55.65993881225586,23.346078872680664,4304.759765625,147.50463661691555,55.98167311439595,24.018813057525925,4362.1201171875,144.5318398986171,55.15946626156111,22.95681180347932,4267.10986328125,147.35149433467186,55.79399590788542,22.99174593000933,4332.740234375,6868900,21731400,633422000,5121900000
2022-02-23,145.2344970703125,55.04328918457031,22.34496307373047,4225.5,146.5136976555129,55.70463236177444,24.109644854532323,4341.509765625,144.90118821064044,54.81986294228991,22.259126017978552,4221.509765625,145.49573654895266,55.62419877818494,23.757307042781296,4324.93017578125,8016900,19248500,566511000,4797430000
2022-02-24,142.4598846435547,54.07808303833008,23.703405380249023,4288.7001953125,144.25257437474454,54.17639112469375,23.755307780737613,4294.72998046875,140.27983746184128,52.92520628617408,20.85077230875615,4114.64990234375,143.93727255784924,53.59548497405688,20.975537584713315,4155.77001953125,12883400,27207400,735801000,6752130000
2022-02-25,149.54055786132812,56.169349670410156,24.111637115478516,4384.64990234375,150.43240107659037,56.21403764124485,24.171523913284446,4385.33984375,143.86522068730443,54.44449899996736,23.33709523205196,4286.830078125,144.1354774567018,54.46237350645853,23.67645692589719,4298.3798828125,11340400,21487800,528866000,5177060000
2022-02-28,148.2523651123047,55.62419891357422,24.339204788208008,4373.93994140625,148.80186846667254,55.71356804701835,24.61867962885337,4388.83984375,146.27950841247747,54.8824221509751,23.662478586208806,4315.1201171875,146.72091454904594,55.09691284414048,23.946943199112745,4354.169921875,9373500,25879100,477319000,6071370000
2022-03-01,147.73887634277344,55.382896423339844,23.432912826538086,4306.259765625,148.41451144799953,56.07998518811622,24.331224277912092,4378.4501953125,146.30653321869363,54.97178955844837,23.08856137268932,4279.5400390625,146.8740573599182,55.5348246272675,24.24538533197261,4363.14013671875,8737800,15871100,412056000,5846230000
2022-03-02,149.57659912109375,55.79399871826172,24.178634643554688,4386.5400390625,151.00895600383947,56.19616661619426,24.367312937183573,4401.47998046875,147.77490549101353,55.21308915355763,23.375011080321244,4322.56005859375,148.10822815974382,55.615257051490175,23.71542829976155,4322.56005859375,6793300,17319100,389642000,5337870000
2022-03-03,151.77462768554688,55.829742431640625,23.673505783081055,4363.490234375,152.5493562928323,56.321279411673736,24.284460221433296,4416.77978515625,149.82880952296097,55.6688752877442,23.428923316488405,4345.56005859375,150.1711218756025,55.95486056373486,24.220568428714543,4401.31005859375,7333700,21262800,365095000,5039890000
2022-03-04,152.6754913330078,55.91911697387695,22.896835327148438,4328.8701171875,153.0178174697491,55.936991481511164,23.639564355425264,4342.1201171875,150.30627391401512,54.69474217925013,22.443610104973835,4284.97998046875,151.01793674237632,54.92710396006742,23.344070277005358,4342.1201171875,6302500,17163000,431415000,5797380000
2022-03-07,155.13482666015625,54.587501525878906,21.31553840637207,4201.08984375,155.95458676530745,55.472267542235834,22.99366957519838,4327.009765625,150.76571437378522,54.26576718930769,21.29357661355549,4199.85009765625,151.61251252791325,55.41864401640266,22.778036910806225,4327.009765625,11663400,29151400,450821000,6940470000
2022-03-08,151.99085998535156,52.42472839355469,21.477258682250977,4170.7001953125,155.95458006251155,54.99859941574749,22.334790949716915,4276.93994140625,151.80167612562875,52.362169324370626,20.61473388741202,4157.8701171875,154.981663953573,54.91816583976605,21.272608854056895,4202.66015625,11100300,30242100,557467000,7243120000
2022-03-09,152.56736755371094,52.692840576171875,22.974699020385742,4277.8798828125,153.35109962938128,53.479301850070854,23.180346610441433,4299.39990234375,151.24312206637532,52.424729785519446,22.209008625290192,4223.10009765625,153.1529122948258,53.46142734279887,22.348768938523044,4223.10009765625,7248200,23022700,492742000,5662670000
2022-03-10,152.83763122558594,51.72764205932617,22.619306564331055,4259.52001953125,153.27903724426486,52.42473081049426,22.749083717994683,4268.27978515625,151.41429200609954,51.388033232945986,21.844630809621485,4209.7998046875,151.8466945076436,52.263863651114896,22.492522642258592,4252.5498046875,6171400,20887300,428066000,4980830000
2022-03-11,152.55838012695312,51.76338577270508,22.062257766723633,4204.31005859375,154.45916703915054,52.59453159603762,23.1054731808181,4291.009765625,152.2610990937664,51.709765661014984,22.00834913546275,4200.490234375,152.3601927714953,51.79913478664088,22.982682144764425,4279.5,5188000,19855600,367209000,4938640000
2022-03-14,154.6663818359375,52.71797180175781,21.2935733795166,4173.10986328125,156.85543285641947,53.168244871259716,22.223980954066924,4247.56982421875,153.45925048112446,52.20466077735051,21.122865878879807,4161.72021484375,153.7565178144637,52.20466077735051,21.831652454533078,4202.75,7729500,17799400,385354000,5574920000
2022-03-15,158.6751251220703,53.690555572509766,22.933765411376953,4262.4501953125,159.01745124070442,53.93370342292696,22.998654935053242,4271.0498046875,155.4410890139945,53.11420663906631,21.285585981092236,4187.89990234375,156.14374828689597,53.204263306985986,21.481250391813667,4188.81982421875,10554400,18607200,491996000,5392470000
2022-03-16,157.2157745361328,53.546470642089844,24.454164505004883,4357.85986328125,159.40482548323024,53.97873236076327,24.554991843395786,4358.89990234375,155.45010890426877,52.78100782605976,23.13242630819987,4251.990234375,158.06257265825994,53.834645121205455,23.45986524600756,4288.14013671875,9603300,17347300,671422000,6309750000
2022-03-17,159.2696990966797,54.11381149291992,24.723711013793945,4411.669921875,159.3057269164665,54.15883810770131,24.79957954747484,4412.669921875,156.9274921814726,53.3393413515622,23.865178916559408,4335.64990234375,157.83735614458976,53.546466527804995,24.07881419681863,4345.10986328125,7472100,15586200,471941000,4985090000
2022-03-18,157.50405883789062,54.1228141784668,26.407825469970703,4463.1201171875,159.44989131908937,54.3029240686989,26.52362850461365,4465.39990234375,156.4410661604294,53.771601781934926,24.581950275359183,4390.56982421875,159.44989131908937,54.3029240686989,24.756650667159146,4407.33984375,13809500,30197800,730719000,8278430000
2022-03-21,158.39588928222656,54.555076599121094,26.688344955444336,4461.18017578125,159.59401713630754,55.02335748119976,27.1056322996586,4481.75,157.03561560747926,54.257894779595134,25.9226545818627,4424.2998046875,157.34190021040288,54.48303127245652,26.46173332477092,4462.39990234375,7574900,17440100,591727000,4869820000
2022-03-22,157.64816284179688,54.753196716308594,26.47870445251465,4511.60986328125,158.88231834652169,54.88827999192134,27.191485837108747,4522.0,156.66624329795263,54.08679459273876,26.02747667962691,4469.10009765625,158.39586720648887,54.87026865948561,26.681356900710014,4469.10009765625,8442100,17559500,547007000,4754840000
2022-03-23,157.05360412597656,54.392982482910156,25.590221405029297,4456.240234375,158.1346173737705,54.9152974025602,26.56654985025248,4501.06982421875,156.82839245994327,54.032762690846965,25.531322153740494,4455.81005859375,157.8553571072219,54.70817222448255,26.081379810961344,4493.10009765625,5254200,15529200,502120000,4550670000
2022-03-24,157.86441040039062,54.9152946472168,28.1019287109375,4520.16015625,158.13465346464443,54.951317311677805,28.271638483214783,4520.580078125,156.8104212123037,54.447010315154756,25.862758984102292,4465.169921875,157.64820220315522,54.609108869918934,26.121317474462384,4469.97998046875,5012300,13151300,877379000,4131390000
2022-03-25,159.3778076171875,55.41059494018555,27.644710540771484,4543.06005859375,160.08046699247026,55.48264026999199,28.30957359578067,4546.02978515625,157.84637086966944,54.97833326727811,27.224429943545722,4501.06982421875,158.26976994783095,55.04137121320355,27.838379495828804,4522.91015625,4809500,12259800,579016000,4305020000
2022-03-28,160.19761657714844,55.761802673339844,28.170808792114258,4575.52001953125,160.5129047657089,55.779814004285804,28.20175598887805,4575.64990234375,158.86436692492515,55.12241588365366,27.159538258056838,4517.68994140625,159.1346100163102,55.41059030816884,27.7086001365783,4541.08984375,5604200,11485200,425494000,4312260000
2022-03-29,160.1165008544922,55.97793960571289,28.60706329345703,4631.60009765625,161.6118959618638,56.31114066610649,28.896567060285996,4637.2998046875,159.26970273892425,55.59971193207319,27.932217127992292,4589.66015625,160.90923662039893,56.02296621895899,28.64599625005715,4602.85986328125,5933400,14720600,488984000,5085910000
2022-03-30,161.78305053710938,56.022972106933594,27.642715454101562,4602.4501953125,162.02628298739907,56.022972106933594,28.447338837185015,4627.77001953125,160.06243009446666,55.43761920259335,27.456034512154393,4581.31982421875,160.74708236256666,55.84286219970939,28.25566727133336,4624.2001953125,6277600,13641000,463487000,4385570000
2022-03-31,159.65704345703125,55.8338508605957,27.239402770996094,4530.41015625,162.34157629580673,56.41019973918446,28.199759848995615,4603.06982421875,159.43183180084174,55.8338508605957,27.22343125201627,4530.41015625,161.7830420412933,56.03197207585195,27.734556037108018,4599.02001953125,11490400,16822900,523440000,4823020000
2022-04-01,160.5218963623047,56.61732482910156,26.666385650634766,4545.85986328125,160.73809080083936,56.689370156486625,27.449047263880143,4548.7001953125,158.18870640757456,55.91490006364865,26.222145851142127,4507.56982421875,159.49493154177043,56.13103261049355,27.328253597824915,4540.31982421875,6525600,12644900,517235000,4562940000
2022-04-04,158.97239685058594,56.32015609741211,27.313278198242188,4582.64013671875,160.5218540656915,56.54529263112228,27.51094002983232,4583.5,158.1165953499449,55.5817085416676,26.56755410197447,4539.2099609375,160.5218540656915,56.37418666690359,26.682357489080253,4547.97021484375,6860600,11505800,397120000,4547350000
2022-04-05,159.9993896484375,56.257110595703125,25.886714935302734,4525.1201171875,161.83711094536056,56.95053143874286,27.27234500388807,4593.4501953125,158.8102653565582,56.167053933113955,25.775904439568993,4514.169921875,158.9724249171919,56.194072649545916,27.20745547738951,4572.4501953125,7446100,15721200,436615000,4800620000
2022-04-06,164.1613311767578,56.82445526123047,24.365320205688477,4481.14990234375,164.4946538859365,56.968542494050325,25.256794895732096,4503.93994140625,160.90927322999542,56.1040190971312,23.96201077926556,4450.0400390625,161.60292921058365,56.527276846487915,24.891420684040277,4494.169921875,10330900,19267400,703833000,4986830000
2022-04-07,163.73788452148438,57.13063430786133,24.166662216186523,4500.2099609375,164.80989424980737,57.33775946585191,24.6797844406639,4521.16015625,162.3595902267346,56.473236171114664,23.437909232802625,4450.2998046875,163.65681162081185,56.851467259631086,24.399264143647642,4474.64990234375,7385200,13960800,557992000,4821490000
2022-04-08,164.06219482421875,57.48185729980469,23.07952117919922,4488.27978515625,165.02610738075248,57.6709711500392,23.882149111451874,4520.41015625,162.53976171841404,56.87848964651423,23.022619305237257,4474.60009765625,163.35053198710992,57.1666641141032,23.87615883921642,4494.14990234375,7144500,12703500,524781000,4083200000
2022-04-11,162.00827026367188,57.46384811401367,21.879573822021484,4412.52978515625,165.93596249907696,57.90511721636498,22.281885527688033,4464.35009765625,161.79207584895326,57.310753490022535,21.623012711854688,4408.3798828125,164.8549491879938,57.55390135025969,22.17606754119229,4462.64013671875,5932000,12720100,575207000,4266290000
2022-04-12,162.06234741210938,58.139244079589844,21.467275619506836,4397.4501953125,162.88212136785458,58.364380566106995,22.68619109093754,4471.0,160.53091047285034,57.535879944672764,21.245654624701253,4381.33984375,161.43175734839477,57.97714553447268,22.49851242767884,4437.58984375,5957500,18089900,662258000,4152090000
2022-04-13,162.74697875976562,58.29235076904297,22.165082931518555,4446.58984375,162.9091245783668,58.418426670566376,22.461576626486607,4453.919921875,161.46777801164387,57.842077729138985,21.418361102559462,4392.7001953125,162.06232642567886,58.031191581424096,21.690895614899215,4394.2998046875,5643100,11883000,516943000,3828150000
2022-04-14,162.06234741210938,58.553497314453125,21.221698760986328,4392.58984375,163.413617725426,59.048800357774276,22.738105886263995,4460.4599609375,161.9092050927667,58.37339086449306,21.12686167069094,4390.77001953125,162.1524375979968,58.49946675358924,22.466569095536702,4449.1201171875,6188200,16388400,569097000,4083090000
2022-04-18,160.04443359375,58.031192779541016,21.745800018310547,4391.68994140625,162.50374132155082,58.69759496858353,22.050277541011962,4410.31005859375,159.21565625039153,57.79704887018282,21.043001834669003,4370.2998046875,161.90917917984902,58.32836777034093,21.163795480742376,4385.6298828125,6318700,11679400,525701000,3910490000
2022-04-19,164.92701721191406,58.59852981567383,22.160091400146484,4462.2099609375,167.5034393507166,58.76062837567294,22.334791782893344,4471.02978515625,162.1073626127331,58.03118829098742,21.27760027107761,4390.6298828125,162.80101842782645,58.08521885411348,21.682907063141688,4390.6298828125,14380800,11993800,512781000,4108120000
2022-04-20,165.6566619873047,59.4000129699707,21.445314407348633,4459.4501953125,166.04403312932115,59.65216474911961,22.631285322979373,4488.2900390625,163.86397250757153,58.895709411672875,21.163796404887236,4448.759765625,164.17027076375663,58.93173207592568,22.47854673100078,4472.259765625,8044900,14827100,468974000,4290450000
2022-04-21,165.17922973632812,59.62515640258789,20.148534774780273,4393.66015625,166.53950312591692,60.33658864541891,22.353762178727116,4512.93994140625,164.45854972195093,59.18389073776108,19.965846713738475,4384.47021484375,165.69270513996082,59.418034647323296,21.671927949841855,4489.169921875,6969200,15120400,656209000,4636890000
2022-04-22,163.53968811035156,58.76062774658203,19.481674194335938,4271.77978515625,164.99005170742063,59.74221960950814,20.45101671619488,4385.830078125,163.39556309907078,58.69758980006954,19.466700418707752,4267.6201171875,164.37748260844907,59.50808259138795,20.26832865634669,4385.830078125,8003600,14902200,624713000,4651940000
2022-04-25,167.5664825439453,59.38199996948242,19.86801528930664,4296.1201171875,168.17906542154833,60.51668287813055,19.91094113029404,4299.02001953125,164.04418254458736,58.3373634077961,19.063391878151013,4200.81982421875,164.2603769459997,60.336576442966745,19.16920986462342,4255.33984375,11176500,25082000,641566000,5240040000
2022-04-26,166.3683624267578,58.58052062988281,18.755916595458984,4175.2001953125,168.07097589055164,59.76924108686056,19.754208935720314,4278.14013671875,165.9179390754887,58.57151324601958,18.638118068842683,4175.0400390625,166.7467301381541,59.00377148276378,19.684328776556665,4278.14013671875,10190000,21982600,653143000,4689970000
2022-04-27,164.04417419433594,59.03980255126953,18.38355255126953,4183.9599609375,166.4944780883632,59.6881968692985,19.134267220532678,4240.7099609375,163.7198688628962,58.53549891307889,18.258766021013585,4162.89990234375,165.97198540183092,58.53549891307889,18.566238691083928,4186.52001953125,11090100,16971000,499460000,4769680000
2022-04-28,165.26934814453125,59.607139587402344,19.74821662902832,4287.5,166.20622270129462,59.688185426307555,20.00278221585731,4308.4501953125,163.8820364741834,58.08521470883585,18.45842324109603,4188.6298828125,164.17931754640077,58.229305361050166,18.93460792239906,4222.580078125,9403900,22010600,570327000,4854180000
2022-04-29,162.5668182373047,58.18428039550781,18.51532745361328,4131.93017578125,164.44958473479917,59.46305412778641,20.093626894168178,4269.68017578125,162.3325892739017,58.076212396910066,18.485378000301736,4124.27978515625,164.40453964600388,59.318970333610466,19.368866880032883,4253.75,8463100,20137100,500435000,5084030000
2022-05-02,160.92724609375,57.13063430786133,19.499645233154297,4155.3798828125,163.42259517994626,58.81465428652226,19.54057368061249,4169.81005859375,159.47688242761495,56.356167670061424,18.359595182176143,4062.510009765625,162.57579712389077,58.78763900709616,18.509338652446186,4130.60986328125,7145400,24970300,572049000,5163790000
2022-05-03,160.61195373535156,56.80644226074219,19.568527221679688,4175.47998046875,162.71994548171358,57.580908920518155,19.791147908013567,4200.10009765625,160.06243669290552,56.4372151097873,19.10032821568976,4147.080078125,161.07139435437543,57.382791140254675,19.36687248877621,4159.77978515625,5898700,21686300,475751000,4582050000
2022-05-04,162.33258056640625,58.562503814697266,20.299274444580078,4300.169921875,162.6028373388502,58.64355652539104,20.365161718492175,4307.66015625,159.58499524724851,56.68036258440076,18.718977614571205,4148.91015625,160.48584199150807,56.73439657975985,19.888977026520188,4181.18017578125,5923000,19780200,648855000,5136360000
2022-05-05,159.23365783691406,58.094234466552734,18.811817169189453,4146.8701171875,161.89116660013687,58.562515444754006,19.89097036061513,4270.43017578125,157.8914050504577,57.643961388403774,18.46840480610562,4106.009765625,161.62991335931895,58.256333049511234,19.83307075629779,4270.43017578125,7089200,20155200,626331000,5077030000
2022-05-06,158.88235473632812,58.30134963989258,18.643108367919922,4123.33984375,159.33277816189653,58.81466061609167,19.478678935531164,4157.68994140625,157.36893862441772,57.697985432374914,17.959278659901084,4067.909912109375,157.77431695826286,57.815053946026936,18.704005022182386,4128.169921875,6434000,18984000,633297000,5116940000
2022-05-09,159.74713134765625,58.18428039550781,16.921052932739258,3991.239990234375,160.85516883153016,58.85968992784636,18.223822606653048,4081.27001953125,157.27880668239857,57.67096942575536,16.798261899873843,3975.47998046875,158.05353531851387,58.05820449912097,18.003201272373538,4081.27001953125,7855200,20055300,644455000,5954520000
2022-05-10,159.5309600830078,57.643959045410156,17.564950942993164,4001.050048828125,161.41372663814113,58.823672263610845,18.16692179202985,4068.820068359375,158.99946375811342,57.49986836836067,16.995924681678712,3958.169921875,160.55792490815614,58.08522472028634,17.658790274672434,4035.179931640625,8186700,21322200,761474000,5885820000
2022-05-11,158.66612243652344,57.91411209106445,16.601598739624023,3935.179931640625,160.63897876918318,58.71559749566451,17.722681996660068,4049.090087890625,158.44091077746782,57.59892235958479,16.539706252039686,3928.820068359375,158.5129801578651,57.93212685893234,17.31737521925075,3990.080078125,6138900,19648400,670167000,5816140000
2022-05-12,160.2335968017578,58.094234466552734,16.14737892150879,3930.080078125,160.3056661866598,58.11224236660505,16.75933303526257,3964.800048828125,157.38693170019155,56.92352171511668,15.54041828812714,3858.8701171875,158.97241693054679,57.77904468597285,16.191304411958637,3903.949951171875,6898600,22574700,708728000,6286450000
2022-05-13,159.31475830078125,59.18388366699219,17.675762176513672,4023.889892578125,161.15247968104083,59.25592899526883,17.89738318066595,4038.8798828125,158.36886643404327,57.74301145456263,16.564663924099527,3963.89990234375,160.9813165937663,58.36438351674185,16.759330610645957,3963.89990234375,7732200,16167000,670437000,5183340000
2022-05-16,160.4227752685547,59.4000129699707,17.23451805114746,4008.010009765625,161.3686670131159,59.778240638694065,17.75762337919923,4046.4599609375,158.70215484459837,58.93173207592568,17.07678882882922,3983.989990234375,159.31473772278085,58.93173207592568,17.479100500246304,4013.02001953125,5516700,13223200,521446000,4415030000
2022-05-17,161.0894012451172,59.23792266845703,18.145957946777344,4088.85009765625,161.8821369336849,59.52609715200374,18.339626883509194,4090.719970703125,159.08050335984694,58.54450517919896,17.60388599597196,4033.929931640625,160.9993110836344,59.52609715200374,18.043133207106575,4052.0,5751100,21300600,585830000,4841410000
2022-05-18,158.0985870361328,55.11341857910156,16.909076690673828,3923.679931640625,161.58485917211047,59.0037737789925,18.087062047786777,4051.97998046875,157.8013059922064,54.89728601700791,16.835203645867455,3911.909912109375,161.10741154739415,58.913720548717954,17.674767172797246,4051.97998046875,8608800,31437300,545161000,5103220000
2022-05-19,156.69326782226562,54.03276443481445,17.094758987426758,3900.7900390625,157.46799648774626,54.89728784129693,17.656797314100935,3945.9599609375,155.56720951463848,53.72657863227141,16.70542367073203,3876.580078125,157.39592710655864,54.89728784129693,16.90807804119237,3899.0,6874500,31493900,621310000,5113550000
2022-05-20,159.43185424804688,54.9152946472168,16.665491104125977,3901.360107421875,159.59401381116544,55.149438530903,17.38026796074348,3943.419921875,156.79237986387886,53.72657420248637,15.7280945497096,3810.320068359375,157.51306001431917,54.474029031155695,17.302402048560108,3927.760009765625,7522100,29133800,739105000,5130730000
2022-05-23,162.68666076660156,56.60831832885742,16.869138717651367,3973.75,163.13090326523138,56.82444743064865,16.886109879461234,3981.8798828125,160.89152652193584,55.46462457300592,16.151366915863687,3909.0400390625,161.01845492642417,55.51865856610879,16.246203969186265,3919.419921875,7040800,19406900,639889000,4420030000
2022-05-24,164.46368408203125,57.6529541015625,16.12640953063965,3941.47998046875,164.77195068457846,57.806052149088686,16.568653712551452,3955.679931640625,162.37843337363708,56.50926366090116,15.753048697763118,3875.1298828125,162.5144231731721,56.62633560726487,16.481802408540677,3942.93994140625,6419800,16154200,588550000,4923190000
2022-05-25,162.84986877441406,57.69797897338867,16.946008682250977,3978.72998046875,164.59968253358545,58.058198728959376,17.081776087194008,3999.330078125,162.34215509325352,57.274721275889625,15.972673509450617,3925.030029296875,163.67491042338006,57.63494103146033,15.992639808319286,3929.590087890625,6558900,15360500,781132000,4802560000
2022-05-26,162.7047882080078,57.905120849609375,17.82051658630371,4057.840087890625,164.1010005789429,58.625553655402435,18.06110426597355,4075.139892578125,161.92508124305095,57.59893158241532,15.994639404503166,3984.60009765625,164.1010005789429,57.697992209687925,16.008615436483225,3984.60009765625,6897600,16159800,996575000,4709970000
2022-05-27,164.1826171875,58.247314453125,18.778881072998047,4158.240234375,164.24608831205114,58.38239772469416,18.848761243465894,4158.490234375,161.58963913867822,57.76101879784839,18.06909466250407,4077.429931640625,162.97679032846528,57.86908678922784,18.154948259403927,4077.429931640625,5853600,17709000,738379000,4375620000
2022-05-31,162.7682647705078,57.076602935791016,18.640113830566406,4132.14990234375,163.34851091775656,57.923114887079834,19.167212018261754,4168.33984375,158.67026857384883,56.779421125097294,18.318663222436633,4104.8798828125,161.38111360858252,57.70698578412999,18.947586503994447,4151.08984375,16391400,43159000,664100000,6822640000
2022-06-01,161.1182098388672,56.79743576049805,18.288715362548828,4101.22998046875,163.04027277986046,57.34676936836154,19.020463449679433,4166.5400390625,159.47718787102903,55.950923759962215,18.091053524944282,4073.85009765625,162.42375341147957,57.112625485349064,18.692026701724934,4149.77978515625,5175400,15408300,544514000,4531800000
2022-06-02,160.61048889160156,57.39179992675781,19.55853843688965,4176.81982421875,161.20887169992147,57.40080731112157,19.58549275087521,4177.509765625,158.28950399962744,55.9329162730921,18.16692010850967,4074.3701171875,161.1454144025209,56.896500281379204,18.260759431492897,4095.409912109375,8666500,14586000,648656000,4405790000
2022-06-03,159.94862365722656,56.7073974609375,18.688034057617188,4108.5400390625,161.9885534098849,57.30175783803484,19.29899045624709,4142.669921875,159.70382821334306,56.563310200893035,18.490372197378857,4098.669921875,160.53794499737884,57.24772382727644,19.049417342690862,4137.56982421875,4234200,13539900,598779000,3711110000
2022-06-06,159.9304962158203,56.61732482910156,18.75391960144043,4121.43017578125,161.83443629412096,57.42781758563207,19.303979286674377,4168.77978515625,159.5678475505058,56.42821099768121,18.5322985753373,4109.18017578125,160.66488258944585,57.031578590945095,19.10631744480604,4134.72021484375,5386500,15112800,422406000,4332700000
2022-06-07,161.6893768310547,56.959529876708984,18.893680572509766,4160.68017578125,162.5597530254375,57.0675944260507,18.967553608275995,4164.85986328125,159.9305016923147,56.03196867129659,18.156939990406823,4080.18994140625,160.45635195893925,56.176055882188905,18.440455398286808,4096.47021484375,5447800,17886300,388914000,4248210000
2022-06-08,160.7283172607422,56.63533401489258,18.620092391967773,4115.77001953125,162.69571435322348,56.9235084428926,19.151295797176143,4160.14013671875,160.29313615677714,56.33815563896576,18.507260637666125,4107.2001953125,161.47176490441714,56.725390670711434,18.77086547818262,4147.1201171875,4333100,10211500,363252000,4159470000
2022-06-09,157.4916534423828,55.653743743896484,18.02098846435547,4017.820068359375,161.97042103955457,57.04958939774031,18.9046641413827,4119.10009765625,157.42818231914205,55.635732411131414,18.013998971506,4017.169921875,160.6648775845953,56.61732771730993,18.453340970679225,4101.64990234375,5509600,13382200,395574000,4134170000
2022-06-10,156.43997192382812,55.30253601074219,16.94859504699707,3900.860107421875,157.7273927859133,55.734797727655106,17.670512468100352,3974.389892578125,154.69015806258827,54.44701652640359,16.84375075862806,3900.159912109375,156.0954459768754,54.94231619565938,17.573657531236456,3974.389892578125,6647300,14967600,465248000,4889640000
2022-06-13,154.8624267578125,55.239498138427734,15.623580932617188,3749.6298828125,156.16798425327963,56.09501762400578,16.28758556714739,3838.14990234375,154.2005866342521,54.636130462586515,15.582641933003357,3734.300048828125,154.2005866342521,54.70817579983176,15.976052273565742,3838.14990234375,7997000,23064200,604153000,5636890000
2022-06-14,152.48704528808594,53.72471618652344,15.812296867370605,3735.47998046875,155.13441960621293,55.2304231147886,16.04195214266592,3778.179931640625,151.64386697796905,53.20769656694706,15.388930778311883,3705.679931640625,155.08908505893154,55.08529486122559,15.707453537857688,3763.52001953125,7116800,24620000,469680000,5153890000
2022-06-15,154.1189727783203,54.12382125854492,16.50226402282715,3789.989990234375,155.43359147926373,55.00366329475985,16.84275324285454,3837.56005859375,152.8950093263828,53.4888872737823,15.902162770980876,3722.300048828125,153.8016448214003,54.42315024575934,16.070909496579183,3764.050048828125,7796100,19684700,563936000,5530480000
2022-06-16,154.20057678222656,53.57958221435547,15.577649116516113,3666.77001953125,154.31844383125272,53.98775646522735,15.918139282645747,3728.179931640625,151.77986151161042,52.835799561713436,15.377948655928876,3639.77001953125,152.6774218567769,53.18954942575902,15.836261284395105,3728.179931640625,7056700,15053800,545749000,5644930000
2022-06-17,153.63845825195312,53.906124114990234,15.856230735778809,3674.840087890625,156.12263067350617,54.54106148355551,15.9710583738311,3707.7099609375,153.4389973347855,53.63400908849948,15.305056930431597,3636.8701171875,154.69922012916635,54.15102867687099,15.624577645793398,3665.89990234375,12486600,34781900,630334000,8520740000
2022-06-21,156.8569793701172,55.058082580566406,16.54120445251465,3764.7900390625,157.62762496330203,55.221352292960646,16.98254231536579,3779.64990234375,153.72909013065473,53.52516177643496,16.382442043197987,3715.31005859375,154.80798842745037,53.96054998290653,16.450341054941436,3715.31005859375,8219700,17705000,483089000,5292260000
2022-06-22,159.33212280273438,55.46625900268555,16.33551788330078,3759.889892578125,161.30858149096488,55.738374047136794,16.637065986264542,3801.7900390625,155.66024637492112,54.71340380423556,16.15578694842917,3717.68994140625,155.94130115772825,54.967377384372654,16.201717637153568,3733.889892578125,10593100,15207100,437135000,5058990000
2022-06-23,162.88616943359375,56.1284065246582,16.200716018676758,3795.72998046875,163.03123446245436,56.15561699089212,16.56017590264097,3802.580078125,160.03933395447635,55.53882104863309,15.82927210712029,3743.52001953125,160.47451520689563,55.60231444326589,16.49427470172325,3774.7099609375,10223500,17190900,463680000,5098640000
2022-06-24,165.27059936523438,57.18058776855469,17.100366592407227,3911.739990234375,165.48819689207124,57.19872923292585,17.114345577356953,3913.64990234375,163.176273318265,56.33702870601368,16.285587932705912,3821.75,163.90158457355972,56.33702870601368,16.47530408880498,3821.75,9374400,18147100,472153000,8120260000
2022-06-27,165.116455078125,57.06266403198242,16.843751907348633,3900.110107421875,166.23162671888286,57.40734489884378,17.30406237753292,3927.719970703125,164.55434548741326,56.80869047752151,16.60111557126495,3889.659912109375,164.68127390577268,57.12615742059765,17.286089668284855,3920.760009765625,5908600,12142100,427968000,4325310000
2022-06-28,160.42005920410156,56.49122619628906,15.958080291748047,3821.550048828125,165.88706919521874,57.833663424124545,17.17625364745246,3945.860107421875,159.84887451321674,56.337028938693145,15.921135014037446,3820.139892578125,165.16175815669905,57.21687093361034,16.874705601351724,3913.0,9245700,13150100,461149000,4270120000
2022-06-29,160.46542358398438,56.89939498901367,15.518738746643066,3818.830078125,161.6531138863153,57.24407585986842,15.796322553618783,3836.5,159.95769607867467,56.627279968920014,15.147295762714824,3799.02001953125,160.67394587731516,56.7270562836514,15.790331967796002,3825.090087890625,7097900,11795500,482352000,4211240000
2022-06-30,160.93685913085938,57.06266403198242,15.136311531066895,3785.3798828125,161.64403369877425,57.24407519665315,15.543700859358433,3818.989990234375,158.68840701323668,56.382374759564826,14.83975612716513,3738.669921875,160.34755160231683,56.52750299927538,15.338008857282157,3785.989990234375,10777200,15514200,686070000,4840070000
2022-07-01,162.7592010498047,58.396034240722656,14.501263618469238,3825.330078125,162.9405253743011,58.45952763541332,15.04045537832044,3829.820068359375,160.1934210474108,56.981034633181544,14.370460116526674,3752.10009765625,160.88245901416084,57.253149676160184,14.876701274121674,3781.0,5498400,15143200,577610000,4046950000
2022-07-05,161.50804138183594,57.39828109741211,14.941603660583496,3831.389892578125,162.40561547359536,58.21462973153058,14.948593153459884,3832.18994140625,158.3076192931535,56.61821539372795,14.033964684753286,3742.06005859375,162.1336220669265,58.21462973153058,14.153784970740077,3792.610107421875,5676400,15921200,651397000,5076590000
2022-07-06,161.6531219482422,57.516197204589844,15.107355117797852,3845.080078125,162.6866859258169,58.13298970323211,15.296072371934425,3870.909912109375,160.84621685903176,57.31664455318374,14.766864934705913,3809.3701171875,161.44459964451204,57.688535928902915,14.987534835476383,3831.97998046875,5335600,13450500,529066000,4417720000
2022-07-07,161.8344268798828,57.06266403198242,15.834264755249023,3902.6201171875,162.39653642866918,57.670390914609825,15.921134433623129,3910.6298828125,160.9368528093274,56.87218386613674,15.365966855854396,3858.85009765625,161.25418074863782,57.38013097505856,15.432866963873742,3858.85009765625,5725800,14828400,492903000,4057770000
2022-07-08,161.63497924804688,57.27128982543945,15.81429672241211,3899.3798828125,163.18533207283073,57.52526339837093,16.012999251730946,3918.5,161.17260011357598,57.03545771630742,15.365968349784286,3869.340087890625,161.6803137908366,57.17151350460768,15.406907353749817,3888.260009765625,3828300,11311500,467972000,3521620000
2022-07-11,161.6984405517578,57.08987808227539,15.129322052001953,3854.429931640625,162.30588465259012,57.561545755999454,15.503760780191186,3880.93994140625,160.94593145647497,56.77241111925458,15.015492358677458,3847.219970703125,161.1091191996123,57.13523347139012,15.502761873163315,3880.93994140625,3645200,12702100,437321000,3423480000
2022-07-12,159.43185424804688,56.844974517822266,15.059428215026855,3818.800048828125,161.78909818899214,57.552477770972246,15.407905882409361,3873.409912109375,158.8425328871909,56.663566798680144,14.854735092070605,3802.360107421875,161.36297840784505,57.144303482641575,15.245149719859299,3851.949951171875,4708800,14731100,458483000,3817210000
2022-07-13,159.06011962890625,56.58193588256836,15.141303062438965,3801.780029296875,159.8670245959443,57.1443074633713,15.351987693110564,3829.43994140625,158.20788012422727,56.21911349874865,14.443349874690844,3759.070068359375,159.25958052719957,56.53658394962357,14.568162782764913,3779.669921875,5291700,13145300,521918000,4109390000
2022-07-14,159.2777099609375,56.4005241394043,15.348993301391602,3790.3798828125,159.57690132093666,56.46401753693256,15.449841972567967,3796.409912109375,156.21329153282585,55.60231697888096,14.705957087976035,3721.56005859375,156.4218138137371,55.629530906486394,15.085388476832787,3763.989990234375,5359600,14433000,456235000,4199690000
2022-07-15,161.58963012695312,56.69077682495117,15.738408088684082,3863.159912109375,161.84348694268098,57.117092573916544,15.7583776582345,3863.6201171875,160.06648923258606,56.30074400358508,15.42188217437437,3817.179931640625,161.11818966012078,56.91753993225098,15.63556256771924,3818.0,5691100,21968400,385935000,4143800000
2022-07-18,157.96310424804688,55.91978073120117,16.076904296875,3830.85009765625,161.55338702773415,56.745198260369456,16.87171259132762,3902.43994140625,157.67298807270666,55.79279049121893,15.97805342786807,3818.6298828125,161.14540380676428,56.70891533466024,16.27760370882183,3883.7900390625,7605700,10780800,670517000,4046870000
2022-07-19,155.66024780273438,56.717987060546875,16.966567993164062,3936.68994140625,160.24782111889607,56.826835842903215,17.084391408456785,3939.81005859375,154.01923979710398,56.173756989286815,16.147795623704503,3860.72998046875,159.86703587732657,56.31888523896486,16.46132482497789,3860.72998046875,13256400,10998200,702366000,4041070000
2022-07-20,154.771728515625,55.783721923828125,17.780345916748047,3959.89990234375,156.43993425915286,56.76334016481641,17.906158677551105,3974.1298828125,153.91041385561437,55.46625497172836,16.77585307121682,3922.030029296875,156.1226063492376,56.600070457985034,16.921634448859162,3935.320068359375,7455800,11010500,760538000,4185300000
2022-07-21,155.31573486328125,55.656734466552734,18.022987365722656,3998.949951171875,155.38826736785043,56.12840211831863,18.116846557351806,3999.2900390625,153.91952219426625,55.13971488791382,17.518743937528516,3927.639892578125,154.17337904317807,55.56602715267647,17.858235278993707,3955.469970703125,5729200,11959600,557049000,4132790000
2022-07-22,156.05010986328125,55.86536407470703,17.293081283569336,3961.6298828125,156.38557443137157,56.11933766956237,17.940110322879427,4012.43994140625,155.089078372659,55.62045948246908,17.11135254565951,3938.860107421875,155.57866932753205,55.67488387856553,17.866221662682115,3998.429931640625,4257000,11644700,536671000,3979240000
2022-07-25,156.3583526611328,56.40958786010742,16.99852180480957,3966.840087890625,156.82979312509218,56.50936417834691,17.098372524272847,3975.300048828125,155.68743746127842,55.61138423445217,16.624083035192836,3943.4599609375,156.05008610034852,55.829074874128935,16.99352822136467,3965.719970703125,4437300,14941700,480748000,3568340000
2022-07-26,157.46444702148438,57.33478546142578,16.508258819580078,3921.050048828125,158.6430759384801,57.86994655398692,16.893680839172077,3953.219970703125,156.38556239702874,56.71798950863902,16.453340823992903,3910.739990234375,156.44901968827443,56.91754215810843,16.863725049444284,3953.219970703125,4525500,20118000,397865000,3778950000
2022-07-27,157.02926635742188,57.15337371826172,17.763376235961914,4023.610107421875,157.845246610642,57.31664343711834,17.90915763959867,4039.56005859375,155.1525380599194,56.046772075059735,16.887687954750817,3951.429931640625,156.5124913144597,57.035459390300126,17.006509340230103,3951.429931640625,4648500,12142900,569776000,4112180000
2022-07-28,157.93589782714844,58.10578155517578,17.957082748413086,4072.429931640625,159.64943833074315,58.27812374649734,18.1128494016185,4078.949951171875,155.43358888299477,57.04453177972099,17.413898228562946,3992.969970703125,157.21058667641765,57.07174224776935,17.948097346099534,4026.1298828125,5513000,10837000,474646000,4413000000
2022-07-29,158.22604370117188,58.2055549621582,18.135818481445312,4130.2900390625,158.52523509965712,58.31440374914743,18.216696637168628,4140.14990234375,156.76635987871052,57.71574926122892,17.665522680604298,4079.219970703125,157.56418977384354,57.78831165909118,17.786341888952695,4087.330078125,6451400,13734200,435460000,4616360000
2022-08-01,157.6729736328125,58.52302169799805,18.413402557373047,4118.6298828125,158.80626793958479,58.99469285273537,18.817797150149296,4144.9501953125,157.33750911077976,58.07856793009106,17.96307727708598,4096.02001953125,157.9086938683239,58.13298886322957,18.154789380452964,4112.3798828125,5461400,12831500,476469000,4202810000
2022-08-02,156.7754364013672,57.724822998046875,18.49827003479004,4091.18994140625,159.10549668401566,58.595592604598515,18.909654023480293,4140.47021484375,156.5759754497723,57.534342795388234,18.064919614801017,4079.81005859375,158.67030160735646,58.58652014154001,18.094875397521523,4104.2099609375,5794200,15241900,489527000,4727710000
2022-08-03,158.28948974609375,57.97879409790039,18.864721298217773,4155.169921875,158.89693387529758,58.14206382459472,18.939609802758543,4167.66015625,155.7327848117457,57.425494979803695,18.109852333343436,4107.9599609375,156.4399594000224,57.64318564197568,18.156782869147662,4107.9599609375,5010000,11317000,418146000,4351760000
2022-08-04,155.75091552734375,57.75202560424805,19.186243057250977,4151.93994140625,158.74281561839402,57.80644999479692,19.245154773313814,4161.2900390625,155.57866639300795,57.071736292973775,18.731924084681033,4135.419921875,158.48895877034474,57.724815139038796,18.820791588477114,4154.85009765625,5651600,11795600,409652000,4283320000
2022-08-05,155.1343994140625,57.48897933959961,18.960580825805664,4145.18994140625,155.51518466017274,57.7157424287869,19.200221406229684,4151.580078125,153.93763392557912,56.84496953660878,18.63806428278374,4107.31005859375,155.30666237081326,57.7157424287869,18.781847869240536,4115.8701171875,5235500,10445400,386068000,4085940000
2022-08-08,154.30935668945312,57.11709213256836,17.76637077331543,4140.06005859375,155.46984900283812,57.87901630561347,18.211704353740807,4186.6201171875,153.62031870155568,56.91753949244475,17.216196694462386,4128.97021484375,155.30666125603068,57.59782880908752,17.475807814431278,4155.93017578125,4629800,9165200,981859000,4221090000
2022-08-09,154.29122924804688,57.18965148925781,17.060426712036133,4122.47021484375,155.1434688674071,57.42548704417314,17.4208864407512,4137.2998046875,153.88324602269537,57.00824032242992,16.69896902858045,4112.08984375,154.61761859516014,57.307569266715475,17.226178614679633,4133.10986328125,5532500,7910900,668263000,3913090000
2022-08-10,154.73544311523438,57.733890533447266,18.069917678833008,4210.240234375,155.25223187036525,57.860877324381214,18.090886160589402,4211.02978515625,153.70187943912927,57.235008911734546,17.29108427539348,4177.259765625,155.05277100005054,57.71574906900948,17.671514620967237,4181.02001953125,5603400,8857300,597422000,4546010000
2022-08-11,151.53504943847656,57.343849182128906,17.915143966674805,4207.27001953125,154.08269285428642,58.04227988867104,18.679000214676687,4257.91015625,151.38998444543705,57.21686241005398,17.84924277028403,4201.41015625,152.7862107936637,57.77016142264759,18.10386215444923,4227.39990234375,9328700,8507800,509327000,4630200000
2022-08-12,149.86685180664062,57.77924346923828,18.68099594116211,4280.14990234375,152.26036898748532,57.83366440336746,18.689983246965728,4280.47021484375,149.7308481803372,57.22594090472101,17.926127006444133,4219.77978515625,151.89770648483616,57.53433888526519,18.13281789948401,4225.02001953125,14606900,9489300,478094000,3788010000
2022-08-15,150.5830841064453,58.50487518310547,19.003515243530273,4297.14013671875,151.18146684564286,58.67721733998854,19.135317654548857,4301.7900390625,149.7127217895758,57.661316240864245,18.585143621952405,4256.89990234375,150.50149023314373,57.72480962704326,18.673011261133464,4269.3701171875,10072000,9863300,457666000,3696830000
2022-08-16,151.92489624023438,58.98563003540039,18.850746154785156,4305.2001953125,152.54140165407196,59.167044709294274,19.113353047062745,4325.27978515625,150.13882344697262,58.350695977427314,18.47331159544377,4277.77001953125,150.37454366388266,58.568386665837764,18.89168516148914,4290.4599609375,7453600,9569600,451240000,4329820000
2022-08-17,151.9339599609375,58.84955596923828,18.307558059692383,4274.0400390625,152.82245876749508,59.15795737721548,18.660030383145802,4302.18017578125,150.87319821721752,58.74071411251966,18.117843793893357,4253.080078125,150.87319821721752,58.80420750235901,18.495278320268334,4280.39990234375,7406600,8144000,446799000,3885030000
2022-08-18,151.19960021972656,59.157958984375,18.744903564453125,4283.740234375,152.58675137305036,59.27587330577707,18.83676492537196,4292.52978515625,150.43801591593055,58.6953603199719,18.155786452602086,4261.97998046875,152.0246279780867,58.92212342131019,18.273609874972294,4273.1298828125,8312100,6532000,415447000,3340330000
2022-08-19,153.50245666503906,59.11260223388672,17.82228660583496,4228.47998046875,154.2368292179286,59.38472071732658,18.49228185814888,4266.31005859375,151.4081308411215,58.92212206358302,17.743404371604452,4218.7001953125,151.4987999261874,59.148885159696064,18.378452160239146,4266.31005859375,8128500,8921100,441588000,3761340000
2022-08-22,152.9639434814453,58.23275375366211,17.008502960205078,4137.990234375,154.17787229200206,58.88583250413842,17.53171877553874,4195.080078125,152.58059974028708,58.04227706494633,16.940603954107115,4129.85986328125,154.15961384896272,58.81326666069445,17.463819769440775,4195.080078125,5462600,9087900,409593000,3907430000
2022-08-23,151.63136291503906,58.2962646484375,17.155284881591797,4128.72998046875,153.1282348546242,58.386975440121276,17.438860213737485,4159.77001953125,151.33016129018762,57.76110696286461,16.944600244332623,4124.02978515625,152.4254310633042,57.88809376690773,16.96357281252585,4133.08984375,5566300,8443800,369986000,3823520000
2022-08-24,151.12937927246094,58.37789535522461,17.19622230529785,4140.77001953125,152.0512287784324,58.57744799845692,17.379946910113844,4156.56005859375,150.66389339011917,58.09671131444866,16.86971209270248,4119.97021484375,152.02384807518362,58.2690465715722,16.98653564207085,4126.5498046875,5684300,6844700,522661000,3583630000
2022-08-25,152.5441131591797,58.65908432006836,17.88619041442871,4199.1201171875,152.64451371600856,58.695367250998224,17.920139924082378,4200.5400390625,150.32617865000097,57.96065693038751,16.807806884713354,4147.58984375,151.4670877380051,58.37790025568874,16.818790101485074,4153.259765625,5678700,7913900,770691000,3566870000
2022-08-26,149.93365478515625,57.24407958984375,16.23566436767578,4057.659912109375,152.8817588319981,58.777000415818534,17.897173466271262,4203.0400390625,149.86975721585662,57.126161804738665,16.212698075005477,4057.659912109375,152.8452558831894,58.71350702233052,17.83027430691893,4198.740234375,5667100,10089500,769127000,3832750000
2022-08-29,148.7745361328125,56.89939498901367,15.777349472045898,4030.610107421875,149.54122365135814,57.17151000910733,16.31354541940779,4062.989990234375,147.88006736117592,56.60913850622974,15.743400917707921,4017.419921875,149.20351903828467,56.863112063633125,15.996022498598261,4034.580078125,5259200,9115900,496132000,3396510000
2022-08-30,148.25428771972656,56.37331008911133,15.44485092163086,3986.159912109375,149.26741557342663,57.062668415661896,16.01499550682962,4044.97998046875,147.88920237287257,56.22818183825171,15.159278699334202,3965.2099609375,149.04836993615956,57.062668415661896,15.936114218575517,4041.25,6973300,8456800,530181000,3835860000
2022-08-31,147.25942993164062,55.97420883178711,15.071409225463867,3955.0,149.27656353902964,56.71799160347802,15.516741812619589,4015.3701171875,147.19554625810113,55.96513982926289,14.936611046484066,3954.530029296875,148.98448409680805,56.58193580483057,15.36097515498697,4000.669921875,8741700,14633600,573710000,4542490000
2022-09-01,150.9102783203125,56.23725128173828,13.916138648986816,3966.85009765625,151.05631798231812,56.27353420977071,14.358475383607164,3970.22998046875,147.38715155530218,55.59324487974968,13.250137232051294,3903.64990234375,147.3962877386205,55.856290917789124,14.187730865353721,3936.72998046875,7509600,14939700,1178865000,4152250000
2022-09-02,148.53721618652344,55.46625900268555,13.62657356262207,3924.260009765625,151.69524421539708,56.9356830108267,14.149788457837982,4018.429931640625,147.87091536291118,55.23949588895442,13.5706566746226,3906.2099609375,151.38492033780565,56.59100210911884,14.07889558343556,3994.659912109375,5803700,11809800,743157000,3665850000
2022-09-06,148.9388427734375,55.493465423583984,13.444847106933594,3908.18994140625,151.71354172566527,56.21003764116711,13.758377273107302,3942.550048828125,148.61027429639608,55.321126715358915,13.331017410608663,3886.75,149.63252447505153,55.59324173997281,13.710448779444814,3930.889892578125,7394600,12181800,535751000,4127340000
2022-09-07,149.75115966796875,56.5184440612793,13.697543144226074,3979.8701171875,150.0706058344299,56.681713792540315,13.821394894652745,3987.889892578125,148.0078473585731,55.620460539343725,13.329984708493885,3906.030029296875,148.69239276441948,55.620460539343725,13.54672431921064,3909.429931640625,4590600,13290700,512657000,3890320000
2022-09-08,150.95596313476562,56.34609603881836,13.973213195800781,4006.179931640625,150.98334383878847,56.50936575319122,13.991192199632435,4010.5,148.8475653623287,55.63859624995625,13.352958995533832,3944.81005859375,149.5777499662015,56.30981657128139,13.442850204572082,3959.93994140625,5838400,17193500,624873000,3966850000
2022-09-09,151.24801635742188,56.52750778198242,14.369736671447754,4067.360107421875,151.69524373042955,57.03545839401135,14.45663217073669,4076.81005859375,150.04320988058618,56.11026449002855,14.109050173580943,4022.93994140625,150.59085172044067,56.39144853193507,14.140012160343346,4022.93994140625,5500600,11855900,486612000,3901940000
2022-09-12,151.1841583251953,56.69077682495117,14.487592697143555,4110.41015625,152.03300200632222,56.971964323649885,14.529542110154367,4119.27978515625,150.80081450785593,56.482155181451006,14.1809609671129,4083.669921875,151.61314129564718,56.627283431717665,14.351756230480973,4083.669921875,6365300,13026900,484159000,3814200000
2022-09-13,147.2502899169922,54.84946060180664,13.115243911743164,3932.68994140625,150.0888722409164,56.43680232688501,13.90529517065022,4037.1201171875,146.775667844167,54.677118428600416,13.083282719468324,3921.280029296875,149.29480398468232,56.41866086338275,13.785439270824538,4037.1201171875,6726400,18532800,714956000,4224550000
2022-09-14,150.28965759277344,55.13972091674805,13.112247467041016,3946.010009765625,150.92856381971112,55.40276696555465,13.274052779821835,3961.93994140625,148.20864078096997,54.822250473665065,12.897505301404209,3912.179931640625,148.20864078096997,55.0036616611224,13.238095726138331,3940.72998046875,9555700,12881600,588507000,4293240000
2022-09-15,150.6730194091797,54.39051055908203,12.913483619689941,3901.35009765625,151.57662442027825,55.18540211871124,13.217118685798233,3959.139892578125,149.77855058413374,54.23518908431895,12.77465049657677,3888.280029296875,150.09799677237942,55.18540211871124,12.999380851810937,3932.409912109375,7174500,11451900,523625000,4441830000
2022-09-16,152.9730682373047,54.39965057373047,13.182161331176758,3873.330078125,153.0004489362623,54.63720209579425,13.196144469129576,3880.949951171875,150.37179041944734,54.006774087528406,12.6018582485453,3837.080078125,150.89205155386296,54.50928946965547,12.726708238855368,3880.949951171875,20201500,20493500,670751000,7954650000
2022-09-19,151.76829528808594,54.8108024597168,13.365941047668457,3899.889892578125,151.905198813105,54.91130275091738,13.44684417218002,3900.449951171875,149.76029800083023,54.11641463187242,12.994387721263264,3838.5,151.78655373379294,54.2626009926779,12.99638517640073,3849.909912109375,7380900,12596200,569685000,3766850000
2022-09-20,150.57261657714844,54.72856521606445,13.160188674926758,3855.929931640625,151.42144624044357,54.84733922241436,13.466820440382488,3876.010009765625,149.9793494314333,54.1986375494917,13.041331990997975,3827.5400390625,150.80079839121007,54.527557689384125,13.19914238617269,3875.22998046875,7143400,11984600,524818000,4058050000
2022-09-21,149.0301055908203,54.2717399597168,13.245086669921875,3789.929931640625,152.24290943897608,55.459504584787425,14.014163138166957,3907.070068359375,148.99360262842532,54.26260135159227,13.09426784489799,3789.489990234375,150.6182560337007,54.947850575905065,13.197144886473634,3871.39990234375,8071200,14165300,807679000,4078330000
2022-09-22,151.67701721191406,54.143821716308594,12.545926094055176,3757.989990234375,152.57150000041173,54.57324566198816,13.133220764262274,3790.89990234375,148.61938908933564,54.0890040111462,12.413086279296454,3749.449951171875,148.91145458551452,54.40878557578567,13.054315095432624,3782.360107421875,7401100,11657600,759162000,4284600000
2022-09-23,152.1698760986328,53.54079818725586,12.500980377197266,3693.22998046875,152.86354373955234,53.9976309481893,12.595866642258116,3727.139892578125,150.28966034191788,52.992600268278686,12.242291356954421,3647.469970703125,151.27540736455813,53.86971833278512,12.405095860810974,3727.139892578125,9598600,14824000,663309000,5144270000
2022-09-26,151.2388916015625,52.87383270263672,12.213325500488281,3655.0400390625,152.27940003422555,53.51339938510621,12.643808988477637,3715.669921875,150.03409896079498,52.70937259899148,12.19934236212235,3644.760009765625,151.33016989080605,53.44030794201834,12.476010375556603,3682.719970703125,8735500,18670100,547343000,4886140000
2022-09-27,150.5452117919922,51.51246643066406,12.398104667663574,3647.2900390625,153.03695290336753,53.330658984982655,12.720717026131021,3717.530029296875,150.05233135327853,51.448510118825176,12.243290932361806,3623.2900390625,151.8412826172855,53.06569861537479,12.49199173171832,3686.43994140625,8686700,23829300,553854000,4577740000
2022-09-28,151.8412628173828,52.06066131591797,12.72071647644043,3719.0400390625,152.7722482480234,52.30735142647787,12.807611967130406,3736.739990234375,150.6912318221976,51.083039480749505,12.339174918454615,3640.610107421875,151.74086229126365,51.76828862607454,12.39510747291623,3651.93994140625,8660900,21480100,542414000,4684850000
2022-09-29,150.1710205078125,51.68606185913086,12.205337524414062,3640.469970703125,152.5806200059278,52.34390219557541,12.485001286523794,3687.010009765625,149.58687559696978,51.16527275456479,11.93166612856818,3610.39990234375,151.95083594498064,52.161168381523304,12.433063635450415,3687.010009765625,7008100,14570700,532763000,4681810000
2022-09-30,149.10313415527344,51.18354797363281,12.124434471130371,3585.6201171875,151.27542961319665,52.1977173600384,12.617842159693925,3671.43994140625,149.06663119074545,51.16527424316019,12.060511134563148,3584.1298828125,150.60000638896406,51.96016234925198,12.072496819702629,3633.47998046875,8985200,16124600,565638000,5645360000
2022-10-03,148.9570770263672,51.7591552734375,12.49698543548584,3678.429931640625,150.0341023700457,51.94188559681714,12.662786597962567,3698.35009765625,147.58798621927355,51.22009245460954,12.090473302526956,3604.929931640625,149.95194633701504,51.49419142503651,12.332183476861937,3609.780029296875,8657000,16277600,547478000,4806680000
2022-10-04,151.16587829589844,51.877925872802734,13.151198387145996,3790.929931640625,151.5127190974963,52.8190037059975,13.204135232594234,3791.919921875,148.70151757792786,51.5855531922055,12.86354390299101,3726.4599609375,149.55036113786156,52.03325081988348,12.86354390299101,3726.4599609375,6236100,18861400,584182000,5146580000
2022-10-05,150.7003936767578,51.384552001953125,13.193148612976074,3783.280029296875,151.5492233166261,51.75915473757514,13.305014675934647,3806.909912109375,149.87894473965224,50.71757308416414,12.605854878165715,3722.659912109375,150.61825156846973,51.62210351110179,12.895506835206982,3753.25,4539400,14324900,507131000,4293180000
2022-10-06,147.77964782714844,50.279014587402344,13.114246368408203,3744.52001953125,150.59997121836778,51.256636456527715,13.63961528157045,3797.929931640625,147.57884675135514,50.13282823740297,13.087278337039482,3739.219970703125,150.4082923997977,51.16527129478717,13.204138536263844,3771.969970703125,5890700,17192800,644157000,4252100000
2022-10-07,146.2188720703125,49.80391311645508,12.061508178710938,3639.659912109375,148.06258462913283,50.33384086715584,12.654795200491199,3706.739990234375,145.27876431368597,49.56636158068575,12.007573081506354,3620.72998046875,147.6518602379937,50.2424756961733,12.489993249996681,3706.739990234375,6363500,11479800,672478000,4449660000
2022-10-10,146.4105987548828,49.69426727294922,11.655998229980469,3612.389892578125,147.20466709920848,50.21505634259361,12.109453033694102,3652.169921875,145.28793407766779,49.35621200510366,11.394312497803934,3588.10009765625,146.6113998876962,49.88613619642718,12.022557524321028,3647.510009765625,5315600,10239100,698699000,3834320000
2022-10-11,148.52810668945312,49.7765007019043,11.572097778320312,3588.840087890625,149.7876747951976,50.45261476903193,11.831785066433634,3640.659912109375,146.37406974700545,49.55722291308717,11.269460914699508,3568.449951171875,146.37406974700545,49.75822697194327,11.547127205645026,3595.860107421875,6212200,14303900,667482000,4759030000
2022-10-12,148.49159240722656,50.379520416259766,11.486200332641602,3577.030029296875,150.4904672306334,51.20182084697383,11.720917996528284,3608.340087890625,148.3181720085402,50.288155250783824,11.331386594866553,3573.860107421875,148.71977421031661,50.46175045933117,11.565106007381553,3590.830078125,4341700,18377400,492590000,4006830000
2022-10-13,150.73687744140625,51.04648971557617,11.945648193359375,3669.909912109375,151.50357880245764,51.23836211646503,12.063506625372144,3685.409912109375,146.72088370704972,49.575487725785905,10.800024266039834,3491.580078125,146.84866494603986,49.776495247975554,10.957834660470665,3520.3701171875,6465100,16220700,850103000,5021680000
2022-10-14,150.1071014404297,50.23332977294922,11.21352767944336,3583.070068359375,151.2206156631279,51.594692928639525,12.096466691832878,3712.0,149.32215559592737,50.19678231573505,11.190555515991965,3579.679931640625,150.08884299927104,51.43023285653312,12.042531591650091,3690.409912109375,5684600,15997900,713432000,4243030000
2022-10-17,152.0512237548828,50.88203048706055,11.873733520507812,3677.949951171875,152.61712409992364,51.366275572548794,11.933661937528136,3689.72998046875,150.60911308060471,50.77239160285976,11.503179396409214,3638.64990234375,150.96507613819088,50.8272127876388,11.504177647717126,3638.64990234375,6710800,13721400,580774000,4352780000
2022-10-18,151.5218048095703,51.567283630371094,11.95263957977295,3719.97998046875,152.58057147594283,51.87793006427395,12.477009197539308,3762.7900390625,148.82014067888525,51.25663719646824,11.604058403445793,3686.530029296875,150.59995554996306,51.44850961546527,12.329187034111122,3746.260009765625,10883600,11823100,659362000,4483740000
2022-10-19,150.3170623779297,51.128726959228516,12.036538124084473,3695.159912109375,151.7409147481304,51.65865468869619,12.33518005536354,3728.580078125,149.58687774710245,50.91858428610235,11.819798522186153,3666.510009765625,151.51273292144145,51.448512015570024,11.86474459720197,3703.110107421875,10044600,10182300,523131000,4223800000
2022-10-20,150.7003936767578,50.3246955871582,12.179368019104004,3665.780029296875,151.2754162889991,51.092171233370685,12.753677855723845,3736.0,149.98846755070304,50.21505322167886,12.090474113843353,3656.43994140625,150.59999312425717,50.95512350455724,12.098464887612497,3689.050048828125,5659900,16905100,652398000,4496620000
2022-10-21,153.98617553710938,51.128726959228516,12.451040267944336,3752.75,154.5885647617065,51.265778195568835,12.483002408632712,3757.889892578125,150.07969123420867,50.242473683063,11.872735554326965,3647.419921875,150.33526760256652,50.251608805652076,12.08348184147233,3657.10009765625,8487600,15034100,609494000,5078020000
2022-10-24,156.05810546875,52.59972381591797,12.583881378173828,3797.340087890625,157.06211104138004,52.74591016000479,12.694748240906902,3810.739990234375,154.47909118371635,51.686058294035966,12.049523522041948,3741.64990234375,154.9902162290142,51.75001460173912,12.492990972974244,3762.010009765625,6855500,17416700,517457000,4747930000
2022-10-25,155.8116455078125,53.8605842590332,13.245086669921875,3859.110107421875,156.17673076792133,54.006770605961805,13.284040381036611,3862.85009765625,153.81277098000828,52.76418491438998,12.648802939445655,3799.43994140625,155.31876508684462,53.94281429701538,12.678767625696967,3799.43994140625,5661900,28829900,505482000,4843120000
2022-10-26,157.18075561523438,54.26259231567383,12.880523681640625,3830.60009765625,157.50933796092247,54.61892129532261,13.371932869070665,3886.14990234375,155.6382444348406,53.77835072644418,12.692749570939775,3824.070068359375,156.36842897271544,53.9153984572706,12.85355660958712,3825.969970703125,6123800,15831400,532953000,4817310000
2022-10-27,157.27203369140625,54.39051055908203,13.160188674926758,3807.300048828125,158.2942837772994,54.67374814203288,13.821394941977852,3859.949951171875,156.73352794452416,54.25346281406006,13.106253573034632,3803.7900390625,157.3085505813955,54.60979183061777,13.613644355412672,3834.68994140625,5390900,16026100,583113000,4687320000
2022-10-28,159.60861206054688,55.514320373535156,13.817399978637695,3901.06005859375,160.0832341370067,55.65137160780436,13.833381526744795,3905.419921875,157.52759501460113,54.335694397322236,13.045327750919178,3808.260009765625,157.90181653502356,54.427059563263256,13.088276375463284,3808.260009765625,6073900,12888900,521040000,4459410000
2022-10-31,158.78713989257812,54.682884216308594,13.480804443359375,3871.97998046875,159.87328740542642,55.34072455701193,13.821395827490084,3893.72998046875,158.2851371857435,54.51842413113276,13.281044617529185,3863.179931640625,159.2891425994127,55.285903366834106,13.761467403476034,3881.85009765625,7810000,14016400,486341000,4820620000
2022-11-01,157.9839324951172,54.49101257324219,13.526750564575195,3856.10009765625,159.38954004697072,55.084896571930514,13.908292188915965,3911.7900390625,155.54695277699813,54.24432245772661,13.50277919348561,3843.800048828125,158.86927890804677,54.847341578312204,13.79442865250546,3901.7900390625,6985000,10659500,432817000,4481210000
2022-11-02,155.55609130859375,53.73267364501953,13.203137397766113,3759.68994140625,158.75977272066956,55.030077086725896,14.192948398140635,3894.43994140625,155.4283100566123,53.69612618558504,13.195147576701615,3758.679931640625,157.80140636725278,54.49101425881862,13.833380731930072,3852.89990234375,6877300,14549200,672628000,4899000000
2022-11-03,155.82078552246094,53.705265045166016,13.404895782470703,3719.889892578125,156.50533090850956,53.906272600686464,13.764464431116302,3750.590087890625,154.19613225374115,53.08397213297355,12.940454532186822,3698.14990234375,154.99020044488185,53.093110741146916,13.02735003493484,3733.25,4819900,9194000,500065000,4625290000
2022-11-04,156.5144500732422,54.143821716308594,14.139013290405273,3770.550048828125,157.4454356794597,54.445333036132375,14.211925646505437,3796.340087890625,154.4699501406688,53.504258587029646,13.680563492193205,3708.840087890625,156.58746991756428,54.18036917665529,13.969217209960792,3766.97998046875,5300900,9725900,612576000,5400180000
2022-11-07,157.88356018066406,54.35396194458008,14.283838272094727,3806.800048828125,158.67764238060616,54.60978716839983,14.39470513173906,3813.949951171875,156.4779663046419,54.125545570353225,13.937255506819714,3764.699951171875,156.68788967836775,54.14381581317697,14.210925918682676,3780.7099609375,6621000,8849700,410061000,4341620000
2022-11-08,158.66848754882812,54.454463958740234,14.584479331970215,3828.110107421875,159.44431121250304,54.628062639319424,14.873132119599749,3859.39990234375,157.15335710738205,53.85144485095817,14.198941859950727,3786.280029296875,158.0204590587051,54.59151518179145,14.783239957975878,3817.02001953125,5148400,10081600,595292000,4607640000
2022-11-09,157.3997802734375,53.69612121582031,13.759469032287598,3748.570068359375,159.7272370849545,54.49100921548422,14.193947458013763,3818.199951171875,157.29937973875684,53.67784748779437,13.742489233902935,3744.219970703125,159.06095022413373,54.44532663809797,14.145005518105632,3810.93994140625,6150000,10115200,454414000,4645010000
2022-11-10,159.24351501464844,55.62396240234375,15.731100082397461,3956.3701171875,159.5173359588955,55.77014875813692,15.75407224629037,3958.330078125,157.02558068607033,54.52756299121617,14.529543607521711,3859.889892578125,159.13399220779434,55.048352101564184,14.782240267933439,3859.889892578125,7877500,16804800,700819000,5781260000
2022-11-11,154.47906494140625,56.025970458984375,16.30740737915039,3992.929931640625,158.00219217898598,56.14474795471348,16.36933325391358,4001.47998046875,152.26114472652205,55.011801155094766,15.463422059049066,3944.820068359375,157.65535141697686,56.07165303877021,15.788031870821106,3963.719970703125,11074700,18972100,655487000,5593310000
2022-11-14,156.90696716308594,55.48690414428711,16.27544593811035,3957.25,158.1391407692265,56.39143450242694,16.52015277426041,4008.969970703125,155.3918363705048,55.46863041645672,15.902893396486796,3956.39990234375,155.3918363705048,56.02596691653349,16.198538674053413,3977.969970703125,6581500,16361000,527852000,4561930000
2022-11-15,157.34503173828125,55.39554214477539,16.64600372314453,3991.72998046875,157.90179585299765,56.14474760169606,16.97760420057241,4028.840087890625,155.63823643631451,54.81993188409235,16.36234408331265,3953.169921875,157.16248909497165,55.852374910476165,16.701936287889954,4006.409912109375,9351000,13295800,545876000,5015310000
2022-11-16,158.32167053222656,55.295040130615234,15.890907287597656,3958.7900390625,159.7181420719177,55.761008032836344,16.342364536397717,3983.090087890625,158.0204688768072,55.08489746997767,15.853951986089296,3954.340087890625,158.48595474766685,55.54173025015259,16.142605686473132,3976.820068359375,5500900,14199500,649547000,4165320000
2022-11-17,159.5994415283203,55.46863555908203,15.658187866210938,3946.56005859375,159.7181004933232,55.496047896047685,16.246481775556962,3954.330078125,157.88351033582305,54.93871134429895,15.516358066087552,3906.5400390625,157.90176877515626,54.9935290475152,15.69614237342874,3919.260009765625,4464100,11212600,710894000,4051780000
2022-11-18,160.82252502441406,55.86151885986328,15.390509605407715,3965.340087890625,161.2241272086902,56.07166154705097,15.982798417252967,3979.889892578125,159.38041442047316,55.55087239068192,15.101855894679975,3935.97998046875,159.7272552027319,55.72447109971024,15.946840413233774,3966.389892578125,6555700,10415600,492072000,4037360000
2022-11-21,161.6492919921875,56.72035598754883,15.298620223999023,3949.93994140625,162.18209238255957,56.83912999324775,15.458428074052856,3962.0,160.60206750545768,55.91632937059163,15.061904155522589,3933.340087890625,161.57580083313562,56.10819828935816,15.128824145184344,3956.22998046875,5706600,15399400,404739000,3850690000
2022-11-22,162.4300994873047,56.96704864501953,16.018753051757812,4003.580078125,162.76998378322818,57.10409987887189,16.03872950715778,4005.8798828125,161.97997146045745,56.69294966267248,15.103851969083491,3956.8798828125,162.04426745457658,57.07669102624448,15.309605078065967,3965.510009765625,4707900,12319600,472866000,3887990000
2022-11-23,162.60464477539062,57.22287368774414,16.499176025390625,4027.260009765625,162.96290540577527,57.36906003458076,16.507167751178848,4033.780029296875,161.6860263367628,56.92136238688005,16.028742467722342,3998.659912109375,162.08103955421535,57.09496106993178,16.07868170486478,4000.300048828125,5389200,8990400,427241000,3279720000
2022-11-25,162.81593322753906,57.277687072753906,16.25047492980957,4026.1201171875,163.62430790269926,57.3873294386363,16.467213564528336,4034.02001953125,162.46685374373976,56.99445300761731,16.152592965743032,4020.760009765625,162.94453924520124,57.31423452804804,16.298417660593895,4023.340087890625,3058600,5165500,167934000,1706460000
2022-11-28,162.8986053466797,57.28683853149414,15.80800724029541,3963.93994140625,163.30279969232967,57.65230271035543,16.337371925299387,4012.27001953125,162.19126524179222,57.158925894624794,15.70613035675524,3955.77001953125,162.36580498350514,57.277699922941785,16.00676784560978,4005.360107421875,6183100,12267500,303741000,3615430000
2022-11-29,161.75953674316406,57.08582305908203,15.620232582092285,3957.6298828125,162.83431876221633,57.16805309787148,15.912881192644717,3976.77001953125,160.44591894776906,56.628990284775654,15.501375904506437,3937.64990234375,162.6046641252306,57.12237051751234,15.808006701068509,3964.18994140625,6700500,10969600,298384000,3546040000
2022-11-30,163.51406860351562,58.530452728271484,16.907012939453125,4080.110107421875,163.52324974102365,58.594862629066796,16.914006295966004,4080.110107421875,160.55611635348498,56.81898162696447,15.582265416866496,3938.580078125,162.0167161864804,57.058217899907575,15.682170373797153,3957.179931640625,13288000,30433900,565298000,6579360000
2022-12-01,164.19386291503906,58.69607925415039,17.118820190429688,4076.570068359375,165.31457851888842,58.99052551812801,17.248696597102803,4100.509765625,163.3028019182571,58.36482632965647,16.619292324606402,4050.8701171875,164.43269866026742,58.53045279190343,16.98294893105775,4087.139892578125,6282600,12001400,470977000,4527130000
2022-12-02,164.3224639892578,59.21136474609375,16.860061645507812,4071.699951171875,164.39595514334835,59.36778780477707,16.91700892717154,4080.47998046875,162.55871834209816,58.33722928154256,16.429468928660246,4026.6298828125,163.05476611095378,58.53045900464903,16.643267526890366,4040.169921875,5823900,13643500,371389000,4012620000
2022-12-05,164.2305908203125,58.40163040161133,16.594314575195312,3998.840087890625,164.7633911561519,58.70527656222121,16.97895122027802,4052.449951171875,163.51406961415012,58.20839719750374,16.456444410841286,3984.489990234375,163.84477278753306,58.346420413283994,16.663249657372322,4052.02001953125,5120600,9185100,352255000,4280820000
2022-12-06,161.7687225341797,58.374027252197266,15.971901893615723,3941.260009765625,165.35132905694448,58.77889350474583,16.557347948087997,4001.510009765625,161.61254505510522,58.180797546249856,15.804060336485716,3918.389892578125,165.27783789532293,58.44764057450661,16.514389290224578,3996.6298828125,7943500,10099500,352694000,4368380000
2022-12-07,162.7516326904297,58.46604537963867,16.104774475097656,3933.919921875,163.40385797178268,58.6316718489355,16.170712118663413,3957.570068359375,161.88812908568295,58.199202344651944,15.652201340982169,3922.679931640625,162.2004700184888,58.38323214499025,15.757102657258699,3933.280029296875,5702600,12307600,372388000,4118050000
2022-12-08,162.77919006347656,58.714481353759766,17.152786254882812,3963.510009765625,163.02722097511202,58.75128450342832,17.162777039567985,3974.18994140625,161.98917761867946,58.29121178684681,15.943927985639844,3935.830078125,162.430124576477,58.52124814513756,16.257632527002734,3947.7900390625,4798500,9946200,515456000,4006900000
2022-12-09,161.43800354003906,58.09797668457031,16.984943389892578,3934.3798828125,163.4130275039777,58.742079129891295,17.56639446997388,3977.02001953125,161.36451238559889,58.051970119206516,16.958968874684317,3933.0400390625,162.70568740736988,58.53044612115707,17.14379362368255,3954.169921875,4561000,13914900,465338000,3888260000
2022-12-12,163.36709594726562,58.86170959472656,17.5184383392334,3990.56005859375,163.39465337842066,58.898516257668,17.521435764939,3990.7099609375,161.30939966366472,57.978367234514955,16.781136404259517,3935.300048828125,161.63090769947502,58.24521027572551,17.020909499688667,3939.2900390625,4882400,11647900,457328000,3904130000
2022-12-13,164.62564086914062,58.88010787963867,18.054935455322266,4019.64990234375,165.5350642868206,59.53340678543439,18.772257873102536,4100.9599609375,163.7988757420596,58.705278000689646,17.694276279815913,3993.030029296875,164.52459226528651,59.4321902260589,18.513501664439776,4069.3798828125,9177500,17521600,656589000,5079360000
2022-12-14,165.13084411621094,58.88010787963867,17.65730857849121,3995.320068359375,166.30667458657163,59.48740372581533,18.23476374050765,4053.760009765625,164.04688109575537,58.49364497203011,17.40354874404559,3965.64990234375,164.04688109575537,59.064137668496265,17.970012708973496,4015.5400390625,9533600,12826700,496888000,4472340000
2022-12-15,163.0456085205078,58.07038116455078,16.935985565185547,3895.75,165.2043536635453,58.78809350781805,17.303637955950766,3958.3701171875,162.04430366629225,57.49989195605825,16.684224720417273,3879.449951171875,164.61643836291728,58.512050568874976,17.129802542502155,3958.3701171875,7602400,12212300,478542000,4493900000
2022-12-16,161.3737030029297,57.73912811279297,16.555347442626953,3852.360107421875,162.5954672353831,58.0979842836746,17.02490473599682,3890.909912109375,160.62962429389538,57.3526687010978,16.394500212198125,3827.909912109375,162.5954672353831,57.73912811279297,16.848071870974135,3890.909912109375,18841800,33631500,478232000,7493660000
2022-12-19,161.1991424560547,57.82194137573242,16.2386474609375,3817.659912109375,161.83299135368046,58.34642401192404,16.593311698540127,3854.860107421875,159.9039012489537,57.48148853523949,16.129751160735065,3800.0400390625,161.07973160335956,57.812741465481864,16.556347895867603,3853.7900390625,5736000,10919700,354039000,3969610000
2022-12-20,161.3737030029297,57.775936126708984,16.069805145263672,3821.6201171875,162.08104314108803,58.10718906453311,16.294592990686606,3838.239990234375,160.9143937734512,57.739129464711525,15.837026388724887,3795.6201171875,161.6768487764261,57.803539368168835,16.048825073393992,3810.469970703125,6174700,10286500,403260000,3985370000
2022-12-21,163.2201385498047,58.70527648925781,16.48541259765625,3878.43994140625,163.67944782850228,58.935316351964374,16.611294934737366,3889.820068359375,161.35534399965312,58.03357076078624,16.08678932558444,3839.489990234375,161.92489703680272,58.03357076078624,16.098779026995476,3839.489990234375,5472000,10411300,325025000,3775200000
2022-12-22,162.62303161621094,58.28200912475586,15.324514389038086,3822.389892578125,163.0639645705886,58.512045472183836,16.122760594054203,3853.260009765625,161.0705641115203,57.64711006948203,14.86794617728019,3764.489990234375,162.38419585279928,58.35561893069324,16.0788015203623,3853.260009765625,5709100,9666700,565045000,3956950000
2022-12-23,163.036376953125,58.72368240356445,15.191637992858887,3844.820068359375,163.07312953577235,58.7696889741004,15.324511792729409,3845.800048828125,161.50228602717536,58.153193206750764,14.868943117782544,3797.010009765625,162.29229835005395,58.42923614004278,15.181647209369412,3815.110107421875,3683400,6463300,349326000,2819280000
2022-12-27,162.99046325683594,59.08253479003906,14.107664108276367,3829.25,163.83560455751189,59.15614810625072,15.085739610722163,3846.64990234375,162.5862829170842,58.622462093944556,14.042724962145323,3813.219970703125,163.6151310855523,58.824895203450495,15.059764142824474,3843.340087890625,3067300,7320700,464902000,3030300000
2022-12-28,162.2831268310547,58.4936408996582,14.022744178771973,3783.219970703125,163.92744756839502,59.48739958425719,14.248530569045922,3848.320068359375,162.27393167634622,58.4200310952857,13.870887305866372,3780.780029296875,163.29359864169265,59.312569717479946,13.913846916256627,3829.56005859375,2645400,7159400,351066000,3083520000
2022-12-29,163.10986328125,58.843299865722656,14.589208602905273,3849.280029296875,163.7896458701044,59.027329650345266,14.669132974621009,3858.18994140625,162.65974928464624,58.61326351246344,14.213564246396047,3805.449951171875,163.10068214436114,58.70527664973665,14.388399166814343,3805.449951171875,2828800,7169300,354923000,3003680000
2022-12-30,162.27391052246094,58.530452728271484,14.600198745727539,3839.5,163.30277250839427,58.81569557177176,14.615183969836613,3839.85009765625,161.12563769392102,58.125586483185145,14.21955804675958,3800.340087890625,163.04556051616152,58.81569557177176,14.320462493891805,3829.06005859375,4216600,7650200,310490000,2979870000
2023-01-03,163.68858337402344,57.923160552978516,14.301478385925293,3824.139892578125,163.863123079087,58.484449875656495,14.981835858065372,3878.4599609375,161.68598835934924,57.21464808911259,14.08268537898728,3794.330078125,161.82378950297914,58.484449875656495,14.836972360095162,3853.2900390625,6344900,12180500,401277000,3959140000
2023-01-04,165.4707489013672,57.895545959472656,14.73507022857666,3852.969970703125,165.52586376665138,58.27280893712673,14.838972099538859,3873.159912109375,163.95502002102415,57.51828649189466,14.227550577248294,3815.77001953125,164.33165695647352,58.10718248696312,14.55324290716645,3840.360107421875,9788800,13387900,431324000,4414080000
2023-01-05,164.24899291992188,57.23305130004883,14.251526832580566,3808.10009765625,165.34215119306043,57.78513720082238,14.550244209091645,3839.739990234375,163.89073226054933,57.12263482190942,14.134636761581584,3802.419921875,164.45109011413268,57.60110739720568,14.477313204439954,3839.739990234375,6255300,9814700,389168000,3893450000
2023-01-06,165.58096313476562,58.337223052978516,14.844966888427734,3895.080078125,166.20561690553092,58.5856592361179,14.995824302039097,3906.18994140625,164.7909507666186,57.58270406324618,14.020746235509238,3809.56005859375,165.4707334145139,57.88635023712562,14.460330266141224,3823.3701171875,5706000,9990000,405044000,3923560000
2023-01-09,161.291015625,57.61030578613281,15.613241195678711,3892.090087890625,165.1308336962547,58.63166777242506,16.040836489954398,3950.570068359375,160.92355986557112,57.582702546528026,15.126700652910513,3890.419921875,164.7082770941665,58.245204867576746,15.269566206043953,3910.820068359375,7925300,9442600,504231000,4311770000
2023-01-10,160.90521240234375,57.16863250732422,15.893975257873535,3919.25,161.8054545660585,57.720718322265355,15.946924699347406,3919.830078125,160.13357626201682,56.975399313026415,15.45738770492271,3877.2900390625,161.401260201981,57.601098442000236,15.492354496985383,3888.570068359375,5047500,10134600,384101000,3851030000
2023-01-11,160.6479949951172,57.05821990966797,15.985888481140137,3969.610107421875,161.4196311096964,57.56430273385163,16.012863409814404,3970.070068359375,158.10341802763054,56.506134023383105,15.548302392492102,3928.5400390625,161.28184395245185,57.39867626595088,15.825041227015033,3932.35009765625,6494800,10823000,353285000,4303360000
2023-01-12,159.839599609375,56.322105407714844,16.495403289794922,3983.169921875,160.49182483273418,57.21464766903163,16.621283720638296,3997.760009765625,158.73726034650429,56.1012724525926,15.47736578997874,3937.56005859375,160.07843534427897,57.150237764614594,16.08479222411233,3977.570068359375,4269400,13907300,551409000,4440260000
2023-01-13,159.3159942626953,56.5245361328125,16.883039474487305,3999.090087890625,159.8487946564623,56.552139373507316,16.906018468034198,4003.949951171875,158.3514560843813,55.751613802670136,16.149733466553787,3947.669921875,159.0955348011403,55.85283036531965,16.26262570419307,3960.60009765625,6088000,13986400,447287000,3939700000
2023-01-17,158.3330841064453,56.754573822021484,17.685283660888672,3990.969970703125,160.3724182834544,57.398676363836564,17.711260084721463,4015.389892578125,158.0850531884291,56.644157346591506,16.88304243708615,3984.570068359375,159.83961787516316,56.8005803942776,16.88304243708615,3999.280029296875,6053300,18327800,511102000,4235560000
2023-01-18,155.94468688964844,55.03390121459961,17.360591888427734,3928.860107421875,158.0023975786559,56.67175900982911,17.856121904906214,4014.159912109375,155.89876717372562,54.9142813220035,17.265680376384633,3926.590087890625,157.6808754651522,56.59814568820801,17.650317053573275,4002.25,7047800,19679400,439624000,4298710000
2023-01-19,155.73336791992188,54.95108413696289,16.74916648864746,3898.85009765625,157.3409500341332,55.79761621590129,17.180759619770345,3922.93994140625,154.9801081609619,54.94188071736618,16.7152001075131,3885.5400390625,155.27405874443292,54.96028404648347,17.019910464206095,3911.840087890625,6939500,14894500,452932000,3991500000
2023-01-20,155.00767517089844,55.28233337402344,17.82215118408203,3972.610107421875,156.26617790408295,55.291533282933784,17.839135325204627,3972.9599609375,153.85020700624278,54.656634265843074,16.80910900112207,3897.860107421875,156.25699676612703,54.95108049203667,16.994932235706603,3909.0400390625,8620600,14237700,564967000,4013360000
2023-01-23,154.61268615722656,55.420352935791016,19.174875259399414,4019.81005859375,155.82526937334612,55.733202489134115,19.226826197242588,4039.31005859375,154.28198291801274,55.25472649519315,17.801173785335894,3971.639892578125,155.33840266242117,55.46635950038467,18.046939851336912,3978.139892578125,8425400,12613400,655163000,3945210000
2023-01-24,154.61268615722656,55.714813232421875,19.24680519104004,4016.949951171875,157.074591164042,56.91100176434159,19.476589423278178,4023.919921875,152.49986068541645,55.0247040589978,18.802225761623806,3989.7900390625,155.2649114962618,55.28234720392832,18.809219120213985,4001.739990234375,10541800,10103300,496204000,3320430000
2023-01-25,155.7150115966797,56.0644645690918,19.304752349853516,4016.219970703125,155.7150115966797,56.07366447948964,19.35170884974934,4019.550048828125,153.48277544570828,55.10751242419819,18.562453968698666,3949.06005859375,153.56544774381712,55.392758787602,18.895139684298528,3982.7099609375,7099800,11265800,449537000,3724020000
2023-01-26,155.1454620361328,55.95405197143555,19.783296585083008,4060.429931640625,156.0824567350592,56.22089151238216,20.14695309854506,4061.570068359375,154.92498857256058,55.73321549574256,19.259791347875655,4013.2900390625,155.75175354820308,55.95405197143555,19.6823921496768,4036.080078125,6946100,11884800,489535000,3809590000
2023-01-27,154.5391845703125,55.65959930419922,20.345767974853516,4070.56005859375,155.12709984293696,56.09206527487899,20.608520097219472,4094.2099609375,154.11662791464798,55.549179323957475,19.386675470641812,4048.699951171875,154.82395405934852,55.98164880471355,19.44362084967976,4053.719970703125,6058100,14087000,542142000,3907760000
2023-01-30,148.81617736816406,55.79762649536133,19.143905639648438,4017.77001953125,154.8239353981378,56.28530252154633,20.120980831649582,4063.85009765625,147.97105014169398,55.63200001286892,19.13191593484306,4015.550048828125,154.26357762637997,55.70561334289967,19.931161624007693,4049.27001953125,23259100,15632000,488611000,3802000000
2023-01-31,150.12063598632812,56.423316955566406,19.5185489654541,4076.60009765625,150.12981712535267,56.44172028520229,19.668406917071884,4077.159912109375,147.94351459198774,55.67799790065616,18.932103463425523,4020.43994140625,148.54061101972474,56.11046737190884,19.151894998761787,4020.85009765625,11612500,14344400,498017000,4679320000
2023-02-01,151.49853515625,56.43252944946289,20.923219680786133,4119.2099609375,152.4722683552502,56.66256584178568,21.17198313820513,4148.9501953125,149.1836130115491,55.77922342760782,19.59247705157619,4037.199951171875,149.7256084858069,56.25769954484843,19.672401413641385,4070.070068359375,9865300,12535400,660477000,4856930000
2023-02-02,152.06809997558594,55.46636962890625,21.68849754333496,4179.759765625,152.69276784300388,56.14727884348884,21.92827065743993,4195.43994140625,149.5694705569318,55.12591677665322,20.680451576187373,4141.8798828125,149.73481515839174,55.94484571022008,20.980167492431757,4158.68017578125,10099000,16947200,564276000,5624360000
2023-02-03,151.21376037597656,55.052303314208984,21.080068588256836,4136.47998046875,152.80296612547892,55.59518575368382,21.724459756185723,4182.35986328125,150.55235407226402,54.500213944622786,20.769361546462342,4123.35986328125,152.51819669246436,55.53077585374354,20.980162670620693,4136.68994140625,6868500,15404400,429366000,4694510000
2023-02-06,150.06552124023438,55.365150451660156,21.0690860748291,4111.080078125,151.43426787433734,55.52157700455824,21.54963085392908,4124.6298828125,149.82668547234653,54.95108780415495,20.76637079932243,4093.3798828125,151.15867951630912,55.01549770532582,20.78635237038477,4119.56982421875,7021000,11330900,452197000,4114240000
2023-02-07,150.1022491455078,55.273128509521484,22.15205955505371,4164.0,150.54319609381704,55.429555037513616,22.23797877641693,4176.5400390625,148.2833885389989,54.78545261828139,21.13002498740977,4088.389892578125,148.44874714886618,54.90506898136713,21.361806230961744,4105.35009765625,7310800,14922700,664150000,4355860000
2023-02-08,150.29515075683594,54.95108413696289,22.18402862548828,4117.85986328125,151.16783539727325,55.1351104079835,22.85639335249941,4156.85009765625,149.64292555238055,54.83146425273859,21.987214177175577,4111.669921875,150.01038130735674,55.1351104079835,22.365855944634315,4153.47021484375,6054700,11012000,559651000,4029820000
2023-02-09,148.2650146484375,54.859073638916016,22.315902709960938,4081.5,151.38832583973004,55.50317618989503,22.99825818396335,4156.22998046875,147.96188288994358,54.840670307736445,22.099108610512882,4069.669921875,150.31354391768994,55.34675313998343,22.584649646952737,4144.25,7949500,12515300,523876000,4270200000
2023-02-10,148.9539794921875,54.859073638916016,21.244911193847656,4090.4599609375,149.54189475305125,55.11671676535353,22.05714291081243,4094.360107421875,148.21909592886195,54.17816793565438,20.79134150249042,4060.7900390625,148.6049140047095,54.95109029481389,21.669510856646234,4068.919921875,7028000,14420700,550737000,3891520000
2023-02-13,149.50515747070312,55.76081466674805,21.76742172241211,4137.2900390625,149.5694674924016,55.908037803099525,22.027176385632682,4138.89990234375,148.0353622973686,54.96028908221669,20.94220165152023,4092.669921875,148.2007209124464,55.116715639008135,21.51765784303239,4096.6201171875,6414700,16191800,474919000,3448620000
2023-02-14,148.85293579101562,54.83146667480469,22.94930648803711,4136.1298828125,149.70725828611273,56.03685845966165,23.027231939405723,4159.77001953125,148.59572373199853,54.80386343494751,21.34582082769537,4095.010009765625,149.49597995556428,55.40195586233623,21.55762050476707,4126.7001953125,6316000,20505700,675474000,3929200000
2023-02-15,146.40020751953125,54.83146667480469,22.74250030517578,4147.60009765625,148.79780206485708,55.14431626346578,22.8334139631762,4148.10986328125,146.326716366697,54.500213756213384,22.08512271870245,4103.97998046875,148.77024463466975,55.1167130236086,22.52770321112583,4119.5,12621800,13171400,420575000,4075980000
2023-02-16,145.3621826171875,54.49100875854492,21.98122215270996,4090.409912109375,146.65742392568464,55.04309456459884,22.528703052174777,4136.5400390625,145.06821799707166,54.24256909279787,21.906292220376635,4089.489990234375,146.12463758148274,54.50020866761291,22.112097049271306,4114.75,11177000,16538300,412026000,4143660000
2023-02-17,148.39691162109375,55.31914520263672,21.3677978515625,4079.090087890625,149.063075084666,55.420361766916955,21.719464643588022,4081.510009765625,144.90880766847513,54.6382395139675,20.95518785560436,4047.949951171875,145.27890632480427,54.748655988602096,21.610568349574603,4077.389892578125,12401900,16814700,465888000,4045480000
2023-02-21,146.18563842773438,55.024696350097656,20.635494232177734,3997.340087890625,148.35992414008567,55.420359168235,21.473700681478473,4052.35009765625,146.0838630514579,54.951086540484994,20.59852851923983,3995.18994140625,147.71225495405992,55.199526229320746,20.98016773032169,4052.35009765625,9423900,14278300,410015000,4121590000
2023-02-22,145.98207092285156,55.19032287597656,20.734399795532227,3991.050048828125,146.97206893464372,55.539979124768756,21.084069639386776,4017.3701171875,145.60272509864222,54.97868984672969,20.401714095187934,3976.89990234375,146.6482343787928,55.070702986375714,20.687445203336978,4001.830078125,9820200,12409600,513184000,4079320000
2023-02-23,145.93582153320312,55.29153823852539,23.64164924621582,4012.320068359375,146.73151606810634,55.5951844008441,23.86543861130623,4028.300048828125,144.95508471251762,55.03389864503361,23.00325283361213,3969.18994140625,145.91732718709991,55.21792492034134,23.417861786672578,4018.60009765625,9385100,12222800,1117995000,3952940000
2023-02-24,144.3074188232422,55.06150817871094,23.264007568359375,3970.0400390625,145.12162176096496,55.125918084446944,23.451831648820107,3978.25,143.60425254291277,54.64744199178187,22.925328930554357,3943.080078125,144.9365653712495,54.91428503558912,23.203066260241904,3973.239990234375,8689700,9736200,589716000,3877700000
2023-02-27,143.99285888671875,55.04309844970703,23.47879981994629,3982.239990234375,145.16788518689162,55.48476782773972,23.85744151744217,4018.050048828125,143.48398200350678,54.96948864173968,23.43184523869269,3973.550048828125,144.75153650710791,55.374351360750595,23.64764080334692,3992.360107421875,7267100,8849800,452994000,3836950000
2023-02-28,141.80006408691406,54.75785827636719,23.194072723388672,3970.14990234375,143.65977649587043,54.93268817137867,23.80249869803318,3997.5,141.59651333451265,54.4174054172512,23.184081939450895,3968.97998046875,143.39145317778602,54.93268817137867,23.349925522833068,3977.18994140625,9062300,16082200,455963000,5043400000
2023-03-01,141.16163635253906,54.159759521484375,22.676563262939453,3951.389892578125,141.7815356337952,54.45420577257021,23.23403683456975,3971.72998046875,140.55098424223246,53.70888672509133,22.48674217124683,3939.050048828125,141.56872364159187,54.40819920397733,23.170096195793,3963.340087890625,6767000,13275800,460026000,4249480000
2023-03-02,141.05062866210938,54.95108413696289,23.291976928710938,3981.35009765625,141.3374463164135,55.00629061423862,23.357914570309056,3990.840087890625,139.92185239058776,54.10454854794836,22.41081009048638,3928.159912109375,140.4029736172579,54.141355206182936,22.466758854898778,3938.679931640625,8762500,11758300,389415000,4244900000
2023-03-03,142.5032196044922,54.693443298339844,23.8674373626709,4045.639892578125,142.5957336735043,54.91427974679211,23.877428147206164,4048.2900390625,141.4114462947236,54.4818102698644,23.108154887916523,3995.169921875,141.9018146257272,54.79465985762729,23.297975982991947,3998.02001953125,5747200,13101800,412393000,4084730000
2023-03-06,143.9280548095703,55.539981842041016,23.531755447387695,4048.419921875,144.0853414267051,55.558385172885856,24.22509834243002,4078.489990234375,143.01209073814897,54.4910165544205,23.464817383551697,4044.610107421875,143.09535763231116,54.52781970603372,23.86843706344506,4055.14990234375,8148200,16282700,437429000,4000870000
2023-03-07,142.56800842285156,55.217926025390625,23.269956588745117,3986.3701171875,144.5664990946128,55.733208732762485,24.106307975293905,4050.0,141.88335051854565,54.97868975665714,23.222992119971778,3980.31005859375,144.4184596112626,55.65959892318152,23.581715125917633,4048.260009765625,7457700,13961200,515154000,3922500000
2023-03-08,141.5225067138672,55.24553298950195,24.162267684936523,3992.010009765625,142.66977736349352,55.51237600917966,24.181253972682587,4000.409912109375,141.07838828386195,54.96028663983858,23.405854133603068,3969.760009765625,142.46622661252982,55.24553298950195,23.468805055531643,3987.550048828125,6230500,10851600,513573000,3535570000
2023-03-09,139.9311065673828,54.71185302734375,23.417842864990234,3918.320068359375,142.11463926317552,55.7056118964951,24.435053778962832,4017.81005859375,139.44073819279475,54.546226549151854,23.364882526093854,3908.699951171875,141.98510826079038,55.7056118964951,24.156268710129314,3998.659912109375,7439400,13900900,501257000,4445260000
2023-03-10,140.2734375,54.4818115234375,22.947206497192383,3861.590087890625,142.0128659438179,55.33754707700574,23.608694224451664,3934.050048828125,139.80157758118202,54.27938191028117,22.70839135809084,3846.320068359375,140.50474387315364,54.93268434061673,23.390862722726986,3912.77001953125,8504300,13745800,474866000,5518190000
2023-03-13,141.61500549316406,55.03390121459961,22.948205947875977,3855.760009765625,144.2519036797749,56.009253155544656,23.279949451928704,3905.050048828125,140.2364286044182,54.518618493480986,22.279725558137223,3808.860107421875,140.71753567486184,54.55542515429154,22.734372955848883,3835.1201171875,10799600,21956000,421890000,6558020000
2023-03-14,142.41070556640625,55.236328125,24.044355392456055,3919.2900390625,142.51248093490454,55.631990934154196,24.20023465879967,3937.2900390625,140.5417461257196,54.61062896215505,23.44182196451992,3873.6298828125,141.8185618181854,55.20872488578149,23.477795275750477,3894.010009765625,8421200,19496900,474910000,5665870000
2023-03-15,142.80853271484375,55.60438537597656,24.209230422973633,3891.929931640625,143.30814817204546,55.65039194278079,24.26718414675934,3894.260009765625,141.12461586855846,54.509413641701364,23.341902860231983,3838.239990234375,141.41143345675,54.684239999587845,23.742591262461122,3876.739990234375,7757700,21089900,524486000,6594010000
2023-03-16,142.51251220703125,55.91035842895508,25.521209716796875,3960.280029296875,142.82708555402849,55.94744740993214,25.568172276922425,3964.4599609375,141.18944624404799,55.35403786229877,23.875484642486136,3864.110107421875,141.97587961154107,55.715646584325356,24.00838291285319,3878.929931640625,7605500,15658300,583253000,5695790000
2023-03-17,140.9858856201172,55.6507453918457,25.70507049560547,3916.639892578125,143.36370814125394,55.95672065755807,26.37854811527238,3958.909912109375,140.9118658757869,55.298407129116235,25.648113542090044,3901.27001953125,142.92885096695258,55.919635211744506,25.961871359937923,3958.68994140625,20540700,27351200,848547000,9354280000
2023-03-20,142.38296508789062,56.18852996826172,25.879934310913086,3951.570068359375,142.549513034899,56.18852996826172,26.003838794237083,3956.6201171875,140.98587953325782,55.60439431735547,25.11053038968524,3916.889892578125,141.06914644785098,55.780561706787424,25.595155259242034,3917.469970703125,7129000,12904100,432747000,5347140000
2023-03-21,142.38296508789062,55.92891311645508,26.178701400756836,4002.8701171875,142.60502431129444,56.32761089214968,26.371552664422822,4009.080078125,140.79157594805173,55.52094486232596,25.361336269568945,3971.18994140625,142.48474046722296,56.16071398432401,26.159717020816753,3975.889892578125,8376800,13716500,547408000,4920240000
2023-03-22,139.7553253173828,55.678565979003906,26.447490692138672,3936.969970703125,142.54024920356275,56.43887251840609,27.567622333062975,4039.489990234375,139.73681685297345,55.66002148572575,26.21666879155561,3936.169921875,142.34595973964093,56.003089305870965,26.40452283828027,4002.0400390625,7943500,10494200,797295000,4533010000
2023-03-23,139.82933044433594,55.558021545410156,27.169931411743164,3948.719970703125,140.34745445107666,55.993808240072084,27.477693326309833,4007.659912109375,138.88559650758944,55.372583709979544,26.669320153605067,3919.050048828125,139.87558042379322,55.71564794992617,27.093990085842137,3959.2099609375,9051500,15479000,564889000,4991600000
2023-03-24,141.2356719970703,56.46669387817383,26.758249282836914,3970.989990234375,141.33744737043605,56.577957306460696,27.145949124040417,3972.739990234375,139.55176886789883,55.54876086805547,26.33457803804841,3909.159912109375,140.15315981735552,55.86401019570211,27.01005482554401,3939.2099609375,5696200,12975600,454920000,4583970000
2023-03-27,141.83709716796875,56.88392639160156,26.51044464111328,3977.530029296875,142.98436795635223,57.00446382230119,26.979081135465893,4003.830078125,141.6613020328911,56.51304715891073,26.34457288746432,3970.489990234375,142.6697946187518,56.68921452916386,26.81620731669709,3982.929931640625,6772300,12777400,361026000,4233540000
2023-03-28,140.46775817871094,56.94882583618164,26.38953971862793,3971.27001953125,141.9758663152899,57.245534150639386,26.492460563723153,3979.199951171875,140.3844771446857,56.809747461310764,25.82997409067337,3951.530029296875,140.99512943248502,56.92101086860745,26.42651170992459,3974.1298828125,6115300,10925700,356104000,4014600000
2023-03-29,141.84632873535156,57.3568000793457,26.963092803955078,4027.81005859375,141.9111013012843,57.44024852273661,27.05701983815986,4030.590087890625,140.69905807319816,57.10645474917299,26.576393509814775,3999.530029296875,140.8563447246927,57.22699217562654,26.80421750216044,3999.530029296875,6012000,9441000,393694000,4145250000
2023-03-30,141.95736694335938,57.34752655029297,27.36178207397461,4050.830078125,142.299710039382,57.57005691355156,27.47769332122134,4057.85009765625,141.38373154900947,57.171359184755005,27.0809996657957,4032.10009765625,142.09615926374366,57.37534505632537,27.207902069655145,4046.739990234375,4555700,9870700,364516000,3930860000
2023-03-31,143.4099578857422,57.514427185058594,27.755477905273438,4109.31005859375,143.58575299619545,57.71841306991689,27.81243294698016,4110.75,141.7815660270036,57.36607477888902,27.083997708372205,4056.179931640625,142.29042877685728,57.54224569290314,27.11897043676594,4056.179931640625,9890000,14440900,433933000,4525120000
2023-04-03,145.12161254882812,57.857486724853516,27.94333267211914,4124.509765625,145.26963788625548,57.96875012932058,27.97830540140123,4127.66015625,142.42920319253136,57.35679609925193,27.314820315472883,4098.7900390625,143.36367578286558,57.76476427363108,27.487686609279088,4102.2001953125,6841900,12300700,398716000,4234700000
2023-04-04,146.63900756835938,57.68132781982422,27.431730270385742,4100.60009765625,147.08311189471337,58.17274807090028,27.978307373761556,4133.1298828125,144.88107049192897,57.560793913692876,27.285843473418648,4086.8701171875,145.23266073077943,57.84822472969902,27.944333318386548,4128.02978515625,8314500,11433400,368592000,4227800000
2023-04-05,153.22659301757812,58.22837448120117,26.86017417907715,4090.3798828125,153.2728571153566,58.43236036688671,26.97708220560241,4099.68994140625,150.58969474023033,57.950214160630225,26.37455065173421,4072.56005859375,152.07930833464616,57.978029131587206,26.80821442088673,4094.5,16704200,12789600,515015000,3968020000
2023-04-06,152.80101013183594,58.265464782714844,27.01605224609375,4105.02001953125,154.72548117396286,58.450906179616,27.05901819761364,4107.31982421875,152.4771896257048,57.8389520457425,26.406524267417176,4069.840087890625,153.57821040576127,58.284009276105,26.563402211324938,4081.14990234375,9615400,9644200,397654000,3486690000
2023-04-10,152.03306579589844,58.126380920410156,27.55763053894043,4109.10986328125,152.51417290644486,58.126380920410156,27.59959781175058,4109.5,151.40390509452214,57.50515632897269,26.648335816312407,4072.550048828125,152.3198834512145,57.94094306666785,26.802215816616297,4085.199951171875,5354000,7952600,395279000,3423650000
2023-04-11,151.98680114746094,58.024391174316406,27.147947311401367,4108.93994140625,152.92127384654174,58.14492507113978,27.768466386922302,4124.259765625,151.77398911159588,57.85749427732985,27.104979458173098,4102.60986328125,152.1255793292676,58.08929513014447,27.702517545704392,4110.2900390625,5903800,9913000,314378000,3665830000
2023-04-12,151.6629638671875,58.126380920410156,26.474472045898438,4091.949951171875,152.51416964203642,58.44163022357255,27.446717721444895,4134.3701171875,150.90428629044382,57.774046168699506,26.427507578002256,4086.93994140625,151.68147233037274,57.93166905178053,27.34879408048613,4121.72021484375,5764100,9593700,446259000,3633120000
2023-04-13,153.68922424316406,58.55289840698242,26.4424991607666,4146.22021484375,153.89277500361302,58.56216888506363,26.86617048576454,4150.259765625,151.5612025498119,57.93167026552903,26.30860409528511,4099.39990234375,151.90353150246597,58.19128609580783,26.71328913277875,4100.0400390625,5640600,9871400,353615000,3596590000
2023-04-14,153.4393768310547,58.46017837524414,26.737266540527344,4137.64013671875,153.69843881343218,58.55290084491894,26.86216968687569,4163.18994140625,151.79247674973246,58.209833012623044,26.199683291915306,4113.2001953125,153.55966065066536,58.46017837524414,26.48346363683986,4140.10986328125,7225100,8946000,395660000,3575690000
2023-04-17,153.28211975097656,58.840328216552734,26.981077194213867,4151.31982421875,153.80950510677727,58.90523217302826,26.98507380495648,4151.72021484375,152.60670903230053,58.543623404950225,26.4125178633909,4123.18017578125,153.34689231796483,58.710520303601676,26.544415547250292,4137.169921875,8046400,9452400,321471000,3611180000
2023-04-18,148.9705810546875,58.93305206298828,27.64556312561035,4154.8701171875,152.3754188846492,58.97013751255812,28.088220677251833,4169.47998046875,147.71227357024,58.58998424271397,27.335803850613633,4140.35986328125,151.96831732823628,58.886689061275234,27.511668078538015,4164.259765625,14571500,9035700,604812000,3536640000
2023-04-19,150.3768768310547,59.04431915283203,27.909358978271484,4154.52001953125,150.51565498811152,59.183401092608435,27.97830576142074,4162.56982421875,149.11856977507108,58.81251827787179,27.210901154073433,4134.490234375,149.87726134783145,59.090678620423944,27.339800915924755,4139.330078125,6752000,9769500,358660000,3572560000
2023-04-20,151.348388671875,59.303932189941406,27.083003997802734,4129.7900390625,151.5704478738323,59.341021177057186,28.008287267215113,4148.56982421875,148.92430238457902,58.82178596843776,26.979084469844484,4114.56982421875,150.28437087837784,58.99795688873746,27.649564207531622,4130.47998046875,9498800,10706400,427713000,3772080000
2023-04-21,150.5249481201172,59.38738250732422,27.09798812866211,4133.52001953125,152.63446126055246,59.59136131971624,27.16193962505463,4138.02001953125,149.85878458968273,59.1555781128776,26.701296358072568,4113.85986328125,152.1440928447912,59.34101950623466,26.93111770046531,4132.14013671875,7014200,12931100,345103000,3611750000
2023-04-24,151.44093322753906,59.294654846191406,27.02104949951172,4137.0400390625,151.5612170841999,60.258943640547386,27.344797891534892,4142.41015625,149.76627699783137,58.98867604341493,26.650336635594115,4117.77001953125,150.52496883550202,60.03641681761911,26.992072637622144,4132.06982421875,5278900,15532300,339282000,3290940000
2023-04-25,152.82875061035156,59.20193862915039,26.220670700073242,4071.6298828125,152.98605137860275,59.498643448994805,27.225891884852338,4126.43017578125,151.88503070777395,58.99795627613264,26.20468425381091,4071.3798828125,152.02380889408784,59.498643448994805,27.05702218157695,4126.43017578125,6263100,12818900,378527000,3978640000
2023-04-26,150.4601593017578,58.92377853393555,26.935115814208984,4055.989990234375,152.0978123136605,59.12776442475435,27.30882661492914,4089.669921875,150.10858322821053,58.77542612343109,26.684310819759823,4049.35009765625,151.82024185299258,58.93305254915484,26.981081609948404,4087.780029296875,5518200,13179600,406337000,3837030000
2023-04-27,150.811767578125,59.04431915283203,27.204906463623047,4135.35009765625,151.19111344926745,59.11849359357896,27.473699061924297,4138.240234375,150.00682585169932,58.51581344088274,26.60437225664509,4075.2900390625,150.7192393741999,58.90523721305562,27.341801359540217,4075.2900390625,5739700,13795800,377161000,3750550000
2023-04-28,151.4594268798828,59.4801025390625,27.727502822875977,4169.47998046875,151.51493815665867,59.48937655425263,27.736494722113637,4170.06005859375,150.40467026767493,58.85887439034049,27.050026680821563,4127.18017578125,150.63597666612247,58.97941182880902,27.20390860883088,4129.6298828125,6024900,13687600,292216000,4087800000
2023-05-01,151.36691284179688,59.61918258666992,28.887601852416992,4167.8701171875,152.01456793410205,59.98079135364655,29.035487906164658,4186.919921875,150.10860546910877,59.39664867314531,27.75847815742974,4164.1201171875,151.36691284179688,59.48010065921721,27.818431138842723,4166.7900390625,4893400,9091500,570329000,3321370000
2023-05-02,152.68997192382812,59.35029602050781,28.188142776489258,4119.580078125,153.10632059922742,59.470829924815284,28.81365912640652,4164.10009765625,151.32988923112129,58.66416389729361,28.06124227027244,4089.719970703125,152.05156403323247,59.470829924815284,28.657779853563685,4164.10009765625,7541700,10948400,402730000,4486130000
2023-05-03,150.69146728515625,59.01649856567383,27.78046226501465,4090.75,153.753961321924,59.507915242002824,28.345025101870167,4148.2998046875,150.35838555233988,58.95159460981907,27.450717987161283,4088.860107421875,153.1710788778605,59.35955930062015,27.81843293372934,4122.25,5937200,11084600,383387000,4246510000
2023-05-04,150.0068359375,59.08140182495117,27.540647506713867,4061.219970703125,150.71924950790012,59.27611369021978,27.83741639402646,4082.610107421875,149.19263286524532,58.886686422682295,27.21889646264562,4048.280029296875,150.51569873983647,59.09994631740537,27.629577352333005,4082.550048828125,5128000,11938300,321850000,4920090000
2023-05-05,150.51565551757812,59.35956573486328,28.65778160095215,4136.25,150.9320182258505,59.53573666585099,28.73272235412415,4147.02001953125,149.59969144214367,58.99796046804815,27.709517396074965,4084.72998046875,150.66369496417192,59.00723094688928,27.804443112441227,4084.72998046875,5194500,9039000,361494000,4186270000
2023-05-08,150.17335510253906,59.26683807373047,29.128414154052734,4138.1201171875,150.41392277828706,59.39664598040131,29.19736093983139,4142.2998046875,149.27588519952857,58.97940729095936,28.328036044950306,4123.81005859375,149.87729027107716,59.16484867348922,28.499901765349517,4136.97998046875,4994900,7240700,344979000,3641640000
2023-05-09,149.00758361816406,58.775428771972656,28.548864364624023,4119.169921875,150.00682894631802,59.109222594899244,28.950553350491152,4130.35009765625,148.76701593012461,58.67343582196724,28.42795972300857,4116.64990234375,149.6552387055355,59.00722964489383,28.87661127506704,4124.25,5520500,9067700,314869000,3810140000
2023-05-10,149.56268310546875,58.87741470336914,28.862621307373047,4137.64013671875,149.85876201564926,59.00722261081087,29.090445302633547,4154.27978515625,148.09157807978548,58.40454253525997,28.43895001875839,4098.919921875,149.14633449111946,58.710517811801154,28.982527268973705,4143.740234375,6756600,10134000,369350000,4057160000
2023-05-11,148.95208740234375,59.21121597290039,28.555858612060547,4130.6201171875,150.06235539550005,59.27611993482741,28.92757205566267,4132.7998046875,147.47172066625302,58.42309087707123,28.22411699956995,4109.2900390625,149.7292735857708,58.9516001251923,28.873613037762063,4132.240234375,5867600,9581500,322149000,3752900000
2023-05-12,148.7577667236328,59.4430046081543,28.318042755126953,4124.080078125,149.47944154224405,59.517182570512276,28.757702383519174,4143.740234375,148.04533907834977,59.06285139356947,28.02426991669217,4099.1201171875,149.29439925092714,59.2112037812855,28.506895497489484,4138.5400390625,3904200,8740800,274222000,3533740000
2023-05-15,147.61973571777344,59.28538131713867,28.930566787719727,4136.27978515625,148.98906554531268,59.57281563085662,28.94655513827334,4141.25,147.055347581356,59.07212496967056,28.130188701131114,4110.27001953125,148.77626762700416,59.54500066201298,28.48591187164364,4126.64990234375,5104500,8150000,293926000,3562170000
2023-05-16,147.42543029785156,58.61780548095703,29.190364837646484,4109.89990234375,148.26738890549836,59.248304134011974,29.846857282079426,4135.5400390625,146.67599988891226,58.56217199851079,28.80966142749833,4109.85986328125,147.16636828285579,59.248304134011974,28.8186533259383,4127.9501953125,5599200,9129600,449405000,3654200000
2023-05-17,147.10162353515625,58.55289840698242,30.154619216918945,4158.77001953125,148.09160758796648,58.8032402221796,30.17560285577452,4164.669921875,145.97284717136137,58.1634711245638,29.407199534895835,4113.6201171875,147.8417927224519,58.784699266017185,29.561079553170053,4122.85009765625,6840700,11583000,432535000,4039080000
2023-05-18,146.6297607421875,58.22837448120117,31.65345573425293,4198.0498046875,147.0461094715811,58.45090485985816,31.8033391347446,4202.2001953125,145.7785548169449,58.0151181175301,30.29650809578211,4153.5,146.796308704639,58.4230863519008,30.38643851725128,4157.68017578125,5173000,13595100,748725000,3980500000
2023-05-19,147.02760314941406,58.25619125366211,31.239776611328125,4191.97998046875,147.97132309443268,58.50653305881783,31.555531759478416,4212.91015625,146.31517548604643,58.052205374053464,30.892046668425955,4180.2001953125,146.73152418153373,58.45090311856112,31.51156522552532,4204.14990234375,6527100,14251400,473908000,4041900000
2023-05-22,146.23521423339844,57.032283782958984,31.151844024658203,4192.6298828125,148.35132675603907,58.29328106585786,31.495577340730645,4209.22021484375,146.15131907077142,56.967379823133356,30.6562280581217,4179.68017578125,147.28861202307405,58.2191066276288,30.877055582356494,4190.77978515625,5675900,15055400,372000000,3728520000
2023-05-23,146.1792755126953,56.9302864074707,30.664220809936523,4145.580078125,147.54030304282475,57.18062819634424,31.263756274877256,4185.68017578125,145.76910244267438,56.71702652702282,30.60726576982091,4142.5400390625,146.44962331990914,57.03227580364138,30.975979327940532,4176.7998046875,5793000,13932700,356253000,4155320000
2023-05-24,146.03944396972656,56.44814682006836,30.514339447021484,4115.240234375,146.48689901580738,56.9581080083046,30.583286230185738,4132.9599609375,145.34960617941658,56.29979441009054,29.78290624556208,4103.97998046875,146.43096891308969,56.91174854337411,30.186592557912466,4132.9599609375,5015100,11090100,721419000,0
2023-05-25,143.9419708251953,56.01235580444336,37.9505729675293,4151.27978515625,145.6945089068925,56.30906060181269,39.44941078052054,4165.740234375,143.29874623524225,55.77128448295585,36.606613842123146,4129.72998046875,145.47078850992696,56.06798928032518,38.49315152397772,4155.7099609375,6886100,14463600,1543911000,4147760000
2023-05-26,143.8860626220703,55.8732795715332,38.91582107543945,4205.4501953125,144.75300774091784,56.22561788065487,39.13964652884735,4212.8701171875,143.74622312834796,55.73420117316977,37.52090288485736,4156.16015625,144.20300938222914,56.04945049459431,37.86063958166922,4156.16015625,6845400,12570300,714397000,3715460000
2023-05-30,143.90469360351562,55.42822265625,40.07992172241211,4205.52001953125,144.8462311461481,55.817649955359784,41.90550581208473,4231.10009765625,142.92588828892133,55.187151308801525,39.91804849161949,4192.18017578125,143.53181674313117,55.71565700709292,40.56354787392991,4226.7099609375,5593100,15634200,923401000,4228510000
2023-05-31,144.5478973388672,55.31695556640625,37.804683685302734,4179.830078125,145.13519182201944,55.89182069302386,40.26377529792952,4195.43994140625,143.41993575378171,55.04806572732693,37.792691946795934,4166.14990234375,144.21230252339993,55.55802689789095,39.45740140056339,4190.740234375,11324600,59432200,1002580000,5980670000
2023-06-01,144.0631561279297,55.63220977783203,39.73918914794922,4221.02001953125,144.5292592804683,55.78983267444225,40.01897100169826,4232.43017578125,142.76738993284587,55.418953398123755,38.31029671760196,4171.64013671875,144.0631561279297,55.57657629473397,38.45917954356359,4183.02978515625,7901300,13402700,635873000,4391860000
2023-06-02,146.3284149169922,56.70775604248047,39.29652404785156,4282.3701171875,146.64536162537098,56.856108435163875,40.468615392047035,4290.669921875,143.64365638875202,55.706378276117526,39.02773149734299,4241.009765625,144.23095087288917,55.88254563711656,40.0659278102451,4241.009765625,7659700,15259800,482731000,4454200000
2023-06-05,147.5869140625,56.32761001586914,39.140655517578125,4273.7900390625,147.88521269360442,56.96737912791439,39.534347478908344,4299.27978515625,146.12334328611385,56.14216861705877,38.677014278698906,4266.81982421875,146.12334328611385,56.55941088013198,38.87885745313366,4282.990234375,6430500,12915600,396094000,3813290000
2023-06-06,147.4563751220703,55.91964340209961,38.624053955078125,4283.85009765625,148.78943743204107,56.5501420542782,39.12966247370084,4288.330078125,146.72925539820926,55.7434724764317,38.11844543645541,4263.08984375,148.76147238299552,56.513053066032256,38.79992010783334,4271.33984375,5073600,10943500,388729000,3996560000
2023-06-07,147.7733612060547,55.8361930847168,37.44983673095703,4267.52001953125,148.03437785780278,55.966001002247445,39.4724798355732,4299.18994140625,146.76657659602316,55.465310288628814,37.33091714927566,4263.9599609375,147.38183622843255,55.64147767142034,38.88887231517685,4285.47021484375,6504300,16817900,511998000,4537800000
2023-06-08,149.39537048339844,55.97527313232422,38.48414611816406,4293.93017578125,149.54452689921567,56.0123621204276,38.83790856539692,4298.009765625,147.12079915170972,55.61366434081766,37.47982353092405,4261.06982421875,147.75469258242492,55.752746277705064,37.69867447040822,4268.68994140625,5818400,15585900,417772000,3826740000
2023-06-09,149.16233825683594,56.067989349365234,38.74396896362305,4298.85986328125,149.83352799069513,56.253427195199265,39.68433522296949,4322.6201171875,148.65895306861182,55.78982550661381,38.541106149128304,4291.7001953125,149.5445462877942,55.882547966531014,39.010787982924306,4304.8798828125,6264400,12581500,427717000,3786510000
2023-06-12,149.05978393554688,55.82691955566406,39.45549011230469,4338.93017578125,149.3860618352192,56.234891342313986,39.50345822042976,4340.1298828125,147.96910425496554,55.65075217133828,38.59207179032555,4304.3701171875,149.1530102566931,56.17925786131613,39.173681765722975,4308.31982421875,6510600,14208900,388701000,3945670000
2023-06-13,149.84283447265625,56.04944610595703,40.99445343017578,4369.009765625,149.93604656101704,56.25342844831848,41.07340276111021,4375.3701171875,148.36061575703593,55.669292854328546,39.713316600215826,4349.31005859375,148.90129707714615,55.82691573419877,40.15901626103327,4352.60986328125,6066800,13397800,613208000,4275400000
2023-06-14,150.6072540283203,56.42959976196289,42.9681396484375,4372.58984375,151.09200530797995,56.63358564278638,42.97113598782619,4391.81982421875,150.06657264414994,56.18852489608054,40.52477736242913,4337.85009765625,150.6445502475541,56.309062329021714,40.7965979524684,4366.2900390625,6699100,14099700,740465000,4252110000
2023-06-15,152.630126953125,57.205039978027344,42.624366760253906,4425.83984375,152.79793147656588,57.27043823657391,43.25994139693394,4439.2001953125,150.48604971045197,56.37354477884578,42.11870592148791,4362.60009765625,151.0640272641498,56.62579673207015,42.573402308118794,4365.330078125,7138300,15271400,568622000,4176690000
2023-06-16,153.09622192382812,57.61611557006836,42.663333892822266,4409.58984375,153.80470774718185,58.08324802734709,43.691642253904746,4448.47021484375,152.76062711917058,57.438606519320054,42.63235266585127,4407.43994140625,153.3292734763865,57.55071731116436,43.42082432044267,4440.9501953125,13426600,26738000,655709000,6848600000
2023-06-20,153.00303649902344,57.23306655883789,43.77859115600586,4388.7099609375,154.10303319109718,57.88705270565874,43.96047200197597,4400.14990234375,152.70472363208387,57.2143843969879,42.645353517675446,4367.18994140625,153.1242136549198,57.54137568842943,42.969137333828364,4396.10986328125,7995800,13971800,451153000,4055790000
2023-06-21,152.77000427246094,57.39189147949219,43.0161018371582,4365.68994140625,153.73949276423548,57.66282914822432,43.58572270035069,4386.22021484375,151.66067627245343,56.97147157351778,42.05175330634248,4360.14013671875,152.49033948033718,57.2797806925449,43.47179700285762,4380.009765625,7177500,13948700,551603000,3709330000
2023-06-22,154.39199829101562,57.784278869628906,42.99611282348633,4381.89013671875,154.48522460799595,58.01784507939125,43.39684073986037,4382.25,152.68605910551548,57.54137157960858,42.20564356647612,4351.81982421875,152.7886023644583,57.74691098465945,42.22462800338613,4355.39990234375,5485900,15193400,417737000,3511000000
2023-06-23,154.26150512695312,57.1770133972168,42.1806640625,4348.330078125,154.99795612012005,57.89639780801042,42.780259748123754,4366.5498046875,153.84201510803464,57.15832767128137,41.98679405380195,4341.33984375,154.84879968804316,57.86836743713838,42.43549394435148,4354.169921875,9450700,25112100,358140000,6053620000
2023-06-26,152.53692626953125,57.19569778442383,40.6047248840332,4328.81982421875,153.79539627993108,57.26109604169818,42.73529370364879,4362.06005859375,150.39284886650887,56.420256213974,40.07308050587644,4328.080078125,153.79539627993108,57.18635313970593,42.432495695911925,4344.83984375,6978800,12856100,594322000,3415030000
2023-06-27,152.219970703125,57.07423782348633,41.84788131713867,4378.41015625,152.76998326760415,57.32648975179478,41.91183752016278,4384.419921875,151.4276038294521,56.971468123367615,40.420842573844496,4335.0,152.58353061559617,57.19569324762094,40.771604816954344,4337.35986328125,4927500,9068500,462175000,3573500000
2023-06-28,151.91236877441406,56.54171371459961,41.08940124511719,4376.85986328125,152.13608921798675,57.02753190349492,41.8169132235577,4390.35009765625,150.93354916075901,56.4296029214508,40.49080429319049,4360.22021484375,152.13608921798675,56.87804965798389,40.632707269414,4367.47998046875,6780400,11173200,582639000,3739330000
2023-06-29,152.9750518798828,56.074581146240234,40.794593811035156,4396.43994140625,153.18013839358755,56.38288671780307,41.572071399017275,4398.39013671875,151.23181651339243,55.84101491532317,40.572742722962666,4371.97021484375,151.6140244911457,56.26143484376145,41.53009977760553,4374.93994140625,4547500,17142300,380514000,3696660000
2023-06-30,154.2987823486328,56.26144027709961,42.27359390258789,4450.3798828125,154.6903072663717,56.382892162870206,42.5214284776047,4458.47998046875,153.2081027440019,55.93444538387413,41.47313305600103,4422.43994140625,153.6835228103266,56.05590083358292,41.65201371800326,4422.43994140625,7580000,19739200,501148000,3923450000
2023-07-03,152.27590942382812,56.5977668762207,42.384521484375,4455.58984375,153.24539774659067,56.644479406389216,42.86919645813437,4456.4599609375,151.91234952474971,56.08391835255425,42.17366461675994,4442.2900390625,153.19878458530582,56.24274523185232,42.48845174872612,4450.47998046875,4033700,9694500,198209000,2034280000
2023-07-05,151.77252197265625,57.018192291259766,42.28858947753906,4446.81982421875,152.8072716474335,57.08359055669724,43.1480088666597,4454.06005859375,151.69794375360536,56.2053827322954,42.0567429868184,4436.60986328125,151.94032652160595,56.31749353533989,42.1067086541188,4442.0400390625,7224600,14716600,323618000,3482620000
2023-07-06,150.64456176757812,56.57908630371094,42.07473373413086,4411.58984375,151.36235046280964,57.008847322697385,42.15068292310203,4422.6201171875,150.08523223101804,56.52302912404134,41.31824199558715,4385.0498046875,151.25049024523403,56.737909633534564,41.815908748676975,4422.6201171875,6332500,12603900,303582000,3682020000
2023-07-07,148.453857421875,55.8316764831543,42.47446823120117,4398.9501953125,150.1225004867772,56.52303417173479,43.184993321008285,4440.39013671875,148.40724426070506,55.80364967278558,42.151686996637515,4397.39990234375,149.59115027759103,56.34552509950249,42.293589971356404,4404.5400390625,7022200,14574000,355881000,3630480000
2023-07-10,148.69622802734375,55.41124725341797,42.15167999267578,4409.52978515625,149.4326790008545,56.19602983764022,42.782256847848465,4412.60009765625,148.22080791517067,55.252420382214545,41.62103447108327,4389.919921875,148.62164981329585,56.027861886454204,42.62836091679516,4394.22998046875,5739200,15480600,353908000,3429600000
2023-07-11,147.8759002685547,55.607444763183594,42.37652587890625,4439.259765625,149.43268319157144,55.64481621284012,42.72928949696264,4443.64013671875,146.91572885031286,54.972144374773094,42.03875539127137,4408.4599609375,148.34200345117074,55.55138758869881,42.45247506207122,4415.5498046875,6606700,15967700,298244000,3624220000
2023-07-12,147.36317443847656,55.90641403198242,43.87252426147461,4472.16015625,148.16487242995228,56.10260881361559,43.90550305041173,4488.33984375,147.17673602229743,55.54205127639572,42.748279595768494,4463.22998046875,148.16487242995228,55.82233004500565,43.00410823370412,4467.68994140625,6940400,14241300,481277000,3920290000
2023-07-13,148.043701171875,56.38288497924805,45.94613265991211,4510.0400390625,148.34201405776227,56.48565468791273,46.12401074310035,4517.3798828125,146.73861785697153,56.03720796605228,44.46212906513595,4489.35986328125,147.2886162379422,56.16800448110269,44.48811258488501,4491.5,6401700,11269800,478204000,3839530000
2023-07-14,149.0318145751953,56.896732330322266,45.4384765625,4505.419921875,149.3674094075436,57.02752884263189,48.055717801832095,4527.759765625,148.20215154860364,56.13997649832531,45.02975074452843,4499.56005859375,148.3885899611662,56.18668902930194,46.55172710271844,4514.60986328125,5362200,11634200,772075000,3647450000
2023-07-17,148.28607177734375,56.812652587890625,46.429805755615234,4522.7900390625,149.03182548217245,57.08358671334505,46.464782104984714,4532.85009765625,147.42842941297852,56.513688090608696,45.231613235689295,4504.89990234375,148.91996527131616,56.765936489490755,46.25792415993447,4508.85986328125,5486800,10014300,510488000,3538240000
2023-07-18,148.27671813964844,56.58842849731445,47.46211242675781,4554.97998046875,149.98265721838115,57.22372895697221,47.86384295444501,4562.2998046875,147.46570328516523,56.43894624586193,45.703295752651904,4514.58984375,148.2860493053658,56.95279126248387,46.66964557192856,4521.77978515625,6332500,11152900,569164000,4090010000
2023-07-19,147.97845458984375,57.58808898925781,47.04539108276367,4565.72021484375,149.53523762913272,57.72823015256694,47.78589468669408,4578.43017578125,146.6640401028545,56.69119552310536,46.71061692438983,4557.47998046875,147.2047215419921,56.775279508303264,47.432132278953816,4563.8701171875,7522600,12936000,427502000,4115670000
2023-07-20,156.96490478515625,58.28879165649414,45.489444732666016,4534.8701171875,157.67337646791793,58.30747738380663,47.05539421116494,4564.740234375,150.36488232961784,57.61611972899691,45.03175198645749,4527.56005859375,150.96149380571703,57.62546437462218,46.47578171175189,4554.3798828125,21892900,11563000,537865000,3761770000
2023-07-21,158.6522216796875,58.33549880981445,44.27924728393555,4536.33984375,159.239516308593,58.55972395293552,45.83520487140858,4555.0,156.7784775681668,58.14864868180759,44.07038798081477,4535.7900390625,156.7784775681668,58.35418453540269,45.757254315991084,4550.16015625,12080000,12815100,963769000,3570190000
2023-07-24,159.4818572998047,58.354183197021484,44.58205032348633,4554.64013671875,162.03610771121748,58.68117804140919,45.07871832138468,4563.41015625,159.39796214570507,58.29812958548014,44.01043572473537,4541.2900390625,159.87338224327564,58.31681174670214,44.70096991726032,4543.39013671875,15155400,10251100,382516000,3856250000
2023-07-25,160.7030487060547,58.157989501953125,45.64833450317383,4567.4599609375,160.97338228312313,58.28878601654676,46.151993949696525,4580.6201171875,158.2420245631188,57.97113581084605,44.892841521253494,4552.419921875,158.89456614943896,58.20470203374546,44.910830992402,4555.18994140625,13790100,13422700,348081000,3812470000
2023-07-26,161.01071166992188,58.905399322509766,45.421485900878906,4566.75,162.0641095919126,59.01751010897258,46.02208416363541,4582.47021484375,159.78019223279895,57.35451978134652,44.60003914555011,4547.580078125,160.33952183591714,57.793625410570876,45.99010415217063,4558.9599609375,14288200,17145500,364237000,3990290000
2023-07-27,161.91493225097656,58.33549880981445,45.86919021606445,4537.41015625,162.47424755761247,59.11094038400634,47.36318559950191,4607.06982421875,160.37678315296088,58.279445196987496,45.71928938176142,4528.56005859375,160.50729148027668,58.90540096647351,46.487774181270936,4598.259765625,12446400,11517100,455976000,4553210000
2023-07-28,162.6513671875,58.372867584228516,46.71860885620117,4582.22998046875,163.4717133637152,58.64380524692711,46.9954232864367,4590.16015625,161.48610919825828,58.129960290595776,46.34985714646045,4564.009765625,162.20391210244657,58.4756372882823,46.63666318467305,4565.75,14138800,9721800,331194000,3981010000
2023-07-31,156.1725616455078,57.85902786254883,46.697628021240234,4588.9599609375,158.6801995322634,58.34484605770508,47.09835978102498,4594.22021484375,155.40815967379973,57.67217416226752,46.474778161903316,4573.14013671875,158.18613120041303,58.34484605770508,46.722612762047206,4584.81982421875,22632700,15577900,251055000,4503600000
2023-08-01,157.44032287597656,57.70954513549805,46.47577667236328,4576.72998046875,157.6267612928115,58.26076158658101,46.868514380212844,4584.6201171875,154.80217731596088,57.56940397046728,45.99609938631063,4567.52978515625,155.09115899570594,58.008509627888344,46.42880734222909,4578.830078125,15810300,9281600,237858000,4042370000
2023-08-02,158.3911895751953,57.887054443359375,44.239280700683594,4513.39013671875,159.63102576857725,58.47564234956063,45.809225144822705,4550.93017578125,157.40305308744414,57.51335060819916,43.357872868108224,4505.75,157.40305308744414,57.51335060819916,45.80023231542858,4550.93017578125,14595600,11059400,530142000,4270710000
2023-08-03,159.07168579101562,57.58808898925781,44.485111236572266,4501.89013671875,159.70559348493424,58.036535722334044,45.08770701221157,4519.490234375,158.16744452315058,57.485319278022835,43.77059114765512,4485.5400390625,158.42846115466423,57.80296949277739,43.77059114765512,4494.27001953125,17424800,8037400,324176000,4149120000
2023-08-04,157.5801544189453,56.71921920776367,44.650001525878906,4478.02978515625,160.97338494833107,57.821652035696474,45.611353612769236,4540.33984375,156.50812281112275,56.63513522719464,44.36319547208762,4474.5498046875,158.79202551322737,57.62545726901461,44.95479704956906,4513.9599609375,23415100,9359300,362666000,4143310000
2023-08-07,161.3649139404297,57.16767501831055,45.386505126953125,4518.43994140625,161.58863434569247,57.29847511419523,45.50942363800022,4519.83984375,157.87845730691433,56.7472586124649,44.53307844333369,4491.14990234375,157.99964867599104,56.79397115045462,45.08071083089327,4491.580078125,17736400,6982600,322154000,3493920000
2023-08-08,161.4394989013672,56.9154167175293,44.63401794433594,4499.3798828125,161.78442494486112,57.31715091472795,45.21162904106204,4503.31005859375,159.77085568984393,56.635137956770144,44.02642439474419,4464.39013671875,161.26239163230278,57.167668671393876,44.822890242775706,4498.02978515625,27378700,7956100,353843000,3884910000
2023-08-09,161.33697509765625,57.04621887207031,42.52543258666992,4467.7099609375,162.43697186712131,57.57874960604732,44.28225178882451,4502.43994140625,160.3861205478136,56.75659545586225,42.105712567799486,4461.330078125,161.27171381929404,56.906077704628814,44.24427528699449,4501.56982421875,42974400,7904100,586449000,3803100000
2023-08-10,160.49794006347656,56.9154167175293,42.35954284667969,4468.830078125,164.0403264753274,57.672172579123036,43.54474743620117,4527.3701171875,160.0038719144496,56.79396484502761,41.80691270633182,4457.919921875,162.20387911976007,57.31715091472795,42.131695276501496,4487.16015625,48213800,7870300,492705000,4504370000
2023-08-11,162.06407165527344,57.14897918701172,40.82756423950195,4464.0498046875,162.15728375107852,57.17700955600064,41.98978526448828,4476.22998046875,159.9852413556349,56.70053248650216,40.61170968615269,4443.97998046875,160.78693934612338,56.84067363963408,41.72296245833929,4450.68994140625,45905600,8483900,533085000,3753290000
2023-08-14,161.68186950683594,56.8780517578125,43.7236213684082,4489.72021484375,163.69543861036175,57.438609308189115,43.77059069571262,4490.330078125,160.10643852003122,56.756596315120305,40.283934893491555,4453.43994140625,161.75644772078206,57.28912705715948,40.4588166311825,4458.1298828125,64036900,7176300,690286000,3896410000
2023-08-15,161.2157745361328,56.494998931884766,43.910499572753906,4437.85986328125,162.72594432840296,56.8967331189398,45.23761094961256,4478.8701171875,160.47000658308735,56.40157030469888,43.68065444037462,4432.18994140625,161.0852662111754,56.70053478381829,44.53008608139681,4478.8701171875,88958100,7187400,676512000,3832250000
2023-08-16,160.7030487060547,56.504337310791016,43.456809997558594,4404.330078125,162.884408105042,56.82198750015866,44.64501105553742,4449.9501953125,160.46068018094712,56.4295979765538,43.376861867891094,4403.5498046875,160.83355702331872,56.56039448442208,44.490116319477444,4433.7900390625,85832700,8372300,527451000,3753910000
2023-08-17,162.2132110595703,56.625797271728516,43.31489944458008,4370.35986328125,163.49966028884205,57.00884574569657,44.032415865763284,4421.169921875,161.04795319953115,56.47631502734922,42.97212742620197,4364.830078125,161.14117951806992,56.59777046463797,43.9404785824408,4416.31982421875,70904200,12873500,452395000,3943700000
2023-08-18,160.79624938964844,56.943450927734375,43.269927978515625,4369.7099609375,162.19455866208932,57.07424745397832,43.548739981442054,4381.81982421875,159.69623869867277,56.40157553165167,41.632028496640906,4335.31005859375,161.43014276547297,56.560402430617934,42.60637233743457,4344.8798828125,49631700,11083800,583768000,3940400000
2023-08-21,156.00474548339844,56.4576301574707,46.93546676635742,4399.77001953125,158.3352614647797,56.92476262373213,47.03340054502666,4407.5498046875,154.70897916672408,56.35486044466313,44.192310747529035,4360.2998046875,158.18610502812953,56.859364363570556,44.464127494140655,4380.27978515625,151319500,8648500,692573000,3726850000
2023-08-22,154.764892578125,56.11195373535156,45.6373405456543,4387.5498046875,156.4615006328809,56.597771933174194,48.15465044840223,4418.58984375,154.1962461710407,56.03721082925366,45.30256635922711,4382.77001953125,155.5479424495508,56.373546778818394,48.1026834062312,4415.330078125,56834800,9411500,755293000,3522760000
2023-08-23,153.37591552734375,56.30815124511719,47.084373474121094,4436.009765625,155.21236324543216,56.46697458236063,47.168316721303135,4443.18017578125,152.3877790342283,56.205381526224095,45.17765331579734,4396.43994140625,154.65303372418086,56.24275298108305,45.835212564193235,4396.43994140625,119011400,7749500,779046000,3837270000
2023-08-24,153.89793395996094,56.158660888671875,47.1313362121582,4376.31005859375,155.37082161424738,56.87804525321346,50.23225371220406,4458.2998046875,152.75132419894058,56.13997516393783,47.127341093273124,4375.5498046875,152.90979756230607,56.308143122606644,50.18228804118617,4455.16015625,70755100,8955100,1156044000,3723470000
2023-08-25,156.10450744628906,56.420257568359375,45.98710250854492,4405.7099609375,157.54113725582627,56.588425537941134,47.77290136689044,4418.4599609375,154.04815104074385,56.06523590324924,44.993766641790856,4356.2900390625,154.2735100740959,56.438943294306,46.98043456316312,4389.3798828125,18185500,7629200,925341000,3296180000
2023-08-28,154.2641143798828,56.57908630371094,46.803558349609375,4433.31005859375,156.06695802910662,56.737909633534564,46.94846146732743,4439.56005859375,153.21246752418045,56.40157368339285,44.85786679020325,4414.97998046875,154.93079257937444,56.569741658463705,46.45079468108513,4426.02978515625,18458000,6254300,685192000,2957230000
2023-08-29,154.2829132080078,56.52302932739258,48.751243591308594,4497.6298828125,155.5693038166198,56.64448476847803,49.04804505027456,4500.14013671875,152.83689863777073,56.196038021321684,46.35984885447826,4431.68017578125,154.808736688094,56.57908650726385,46.634665726138564,4432.75,12208600,8189600,701397000,3354820000
2023-08-30,153.73831176757812,56.494998931884766,49.230926513671875,4514.8701171875,155.71016421661474,56.74725087938009,49.89347960876958,4521.64990234375,153.69136017067424,56.32683096688788,48.39248907555187,4493.58984375,155.0341013385231,56.6538222521942,49.011072990962134,4500.33984375,9939100,9447900,735206000,3064110000
2023-08-31,151.8134307861328,55.897071838378906,49.321861267089844,4507.66015625,153.58810681912055,56.49500081656471,49.71060002102523,4532.259765625,151.43784661697356,55.878386112318374,48.925128464014456,4507.39013671875,153.4003004069233,56.336173927019075,49.34684600627132,4517.009765625,15333000,14663500,528570000,3946360000
2023-09-01,150.6866455078125,55.41124725341797,48.47643280029297,4515.77001953125,152.56459477899327,56.17734411373761,49.76656646527334,4541.25,150.24532628287574,55.233734658311946,48.109678602925236,4501.35009765625,151.569283957686,56.0558886903394,49.728593775552426,4530.60009765625,8610100,11262300,463830000,3246260000
2023-09-05,150.8744354248047,54.95345687866211,48.515411376953125,4496.830078125,152.0857207109634,55.420589292499045,48.81820938411966,4514.2900390625,150.49885130695364,54.81331572893604,47.82787348720718,4496.009765625,150.7617630549725,55.355191039676875,48.190628778230135,4510.06005859375,9019800,12474600,382653000,3526250000
2023-09-06,148.3673858642578,54.91608810424805,47.03328323364258,4465.47998046875,150.23595065851512,54.962804199056485,48.520405806998106,4490.35009765625,147.74767345678018,54.5797521796782,46.55256753544233,4442.3798828125,150.0857112692286,54.76660586709897,48.412471520397574,4490.35009765625,9753800,13923500,468670000,3418850000
2023-09-07,150.2641143798828,54.49567413330078,46.21376037597656,4451.14013671875,151.23125713789068,55.271112158516466,46.31670033876854,4457.81005859375,149.2781881168566,54.467643762408734,45.125401208610924,4430.4599609375,149.42842750177067,55.07491738196117,45.498182570849345,4434.5498046875,9931800,17628600,433330000,3763760000
2023-09-08,150.76174926757812,54.49567413330078,45.54515838623047,4457.490234375,150.87442162710624,54.57041347315802,46.578549795234004,4473.52978515625,149.47535873758417,54.19670608205839,45.24433697550349,4448.3798828125,149.8509428210875,54.467643762408734,45.91494321497456,4451.2998046875,6957000,14312300,473069000,3259290000
2023-09-11,152.73361206054688,55.00951385498047,45.151390075683594,4487.4599609375,152.76178015237195,55.11228355588775,46.13580667584193,4490.77001953125,150.6584718878701,54.40224029358515,44.28589904966943,4467.89013671875,151.23124696767195,54.56106716697026,46.12081612132712,4480.97998046875,6309300,14767400,473966000,3369920000
2023-09-12,153.59747314453125,54.46764373779297,44.843563079833984,4461.89990234375,153.92610567156376,55.12162988995285,45.64609138297815,4487.10986328125,151.67257226933881,54.364874027090124,44.504762105422756,4456.830078125,152.32046706257287,55.1122888089516,44.71164088016986,4473.27001953125,6045800,12292700,349256000,3435740000
2023-09-13,153.98245239257812,54.59843444824219,45.45820999145508,4467.43994140625,154.8838600002205,54.82265957173917,45.90294758191361,4479.39013671875,153.05286236505734,54.50500939241528,44.47678613148132,4453.52001953125,153.76647791507548,54.56106656427389,44.57372912057882,4462.64990234375,7397500,12641400,398355000,3529430000
2023-09-14,153.74771118164062,55.05044174194336,45.55415344238281,4505.10009765625,155.18434122033582,55.17286076929105,45.959912533797855,4511.990234375,153.4660159269205,54.796188496934924,45.104417736108495,4478.68994140625,154.63033529926045,54.8432752251392,45.92293557779265,4487.77978515625,7758400,12311600,370097000,3648720000
2023-09-15,151.5974578857422,54.56077194213867,43.874141693115234,4450.31982421875,154.761812272261,55.21994665548526,45.5721383754204,4497.97998046875,151.37211313420084,54.38185457957578,43.7821930198778,4447.2099609375,153.97306265901693,55.00336134536812,45.31429093296798,4497.97998046875,13392100,55727500,506831000,6932230000
2023-09-18,152.5552215576172,54.899776458740234,43.94009780883789,4453.52978515625,153.19371748013796,54.94685959722485,44.215936184285376,4466.35986328125,150.94018391785443,54.26885450017731,41.975256439611805,4442.10986328125,152.2265746796264,54.59844006178284,42.72281686656951,4445.1298828125,5789000,13617400,500271000,3161230000
2023-09-19,152.3016815185547,54.78677749633789,43.494361877441406,4443.9501953125,152.91202362221202,54.984528837951665,43.94009827513682,4449.85009765625,151.5317297753579,54.54193942291898,42.97666548704609,4416.60986328125,152.3486331153923,54.862109801242205,43.80717720782653,4445.41015625,5550800,11998900,373064000,3614880000
2023-09-20,152.96836853027344,55.03160858154297,42.21411895751953,4402.2001953125,153.55991283578916,55.39886566900791,43.877140298495235,4461.02978515625,151.7946501804818,54.692607842073365,42.1981295407641,4401.3798828125,152.29230561458414,54.89977436193595,43.57431736743093,4452.81005859375,3837400,14766600,367108000,3308450000
2023-09-21,151.79464721679688,54.184104919433594,40.99283218383789,4330.0,153.52235715532987,55.01277823798312,42.07519429249645,4375.7001953125,151.72891211323602,54.071101073275045,40.95585523372173,4329.169921875,152.64911759739024,54.96569509819037,41.558500602905404,4374.35986328125,4526700,15941800,450736000,3662340000
2023-09-22,150.70541381835938,54.240604400634766,41.58549118041992,4320.06005859375,151.5504851741455,54.58902754535969,42.09019478907558,4357.39990234375,150.47067018312828,54.1464381190522,41.206712805320656,4316.490234375,151.45659631662176,54.47602369680456,41.54751155048687,4341.740234375,4976700,14644100,479236000,3349570000
2023-09-25,150.48007202148438,53.67559814453125,42.19712829589844,4337.43994140625,150.57397521738756,54.13702153371598,42.51094250359211,4338.509765625,149.0434419553854,53.4307636633932,41.15274189436024,4302.7001953125,150.30167887345408,54.05227044558872,41.566499482257406,4310.6201171875,6722500,12358800,419091000,3195650000
2023-09-26,149.31573486328125,53.233001708984375,41.88631057739258,4273.52978515625,150.311045579935,53.581424798785385,42.7947755047386,4313.009765625,149.16549549875612,53.11058628066676,41.63046086209198,4265.97998046875,150.05751844325067,53.42133783467439,41.97625771314318,4312.8798828125,4904800,11194700,402282000,3472340000
2023-09-27,147.5222930908203,52.686832427978516,42.44298553466797,4274.509765625,149.07159537743235,53.23300325692737,42.846750726606956,4292.06982421875,145.7851844308853,52.432579189735584,41.60448280317075,4238.6298828125,148.90258683457924,53.12941820517511,42.30507013891138,4282.6298828125,10211600,13766300,444935000,3875880000
2023-09-28,147.3063507080078,52.55500793457031,43.06361389160156,4299.7001953125,148.3204450701891,53.035261745272095,43.4204020019038,4317.27001953125,146.68662398762763,52.45142286365862,42.09018872060994,4264.3798828125,147.88851041814993,52.95051065018195,42.434982863983606,4269.64990234375,7861900,12484800,424663000,3846230000
2023-09-29,146.24530029296875,52.715087890625,43.4733772277832,4288.0498046875,147.98240910935698,52.98817513384392,44.11799774453881,4333.14990234375,145.86971616772502,52.37608353245163,43.28148898443914,4274.85986328125,147.76643462610664,52.86575609512279,43.8011831331208,4328.18017578125,7680700,12271600,397830000,3865960000
2023-10-02,145.68190002441406,52.2442512512207,44.7556266784668,4288.39013671875,145.9354271721693,52.7433390236953,45.14839296013451,4300.580078125,143.9635891552258,51.86758252203339,43.83516767733653,4260.2099609375,145.9354271721693,52.649172739451835,44.00406686207807,4284.52001953125,7259700,11792500,433298000,3938660000
2023-10-03,145.86032104492188,51.67924118041992,43.49135971069336,4229.4501953125,146.01056042997294,52.19716287626356,45.1034121671623,4281.14990234375,144.4988106459856,51.58507131340363,43.220519465209826,4216.4501953125,145.24059432729857,51.942909623639274,44.78159946799548,4269.75,5740800,13604200,470850000,3953830000
2023-10-04,146.0293426513672,51.82991409301758,44.01505661010742,4263.75,146.41431137170403,52.055914610001096,44.11699771323821,4268.5,145.1373195928443,51.51915889189843,43.266497283456516,4220.47998046875,146.07629424973496,51.68866107574279,43.71623295909225,4233.830078125,4955200,12100500,361821000,3777600000
2023-10-05,147.55047607421875,49.32505798339844,44.661678314208984,4258.18994140625,148.39554752901034,51.74516835719692,44.873555244834996,4267.1298828125,146.5457806480828,49.19322373614309,43.862150279908775,4225.91015625,146.7335727127458,51.547416986313884,44.02405361077508,4259.31005859375,5993300,29878100,393483000,3581470000
2023-10-06,148.01995849609375,50.04072189331055,45.735050201416016,4308.5,148.63968518380594,50.181974899074426,45.76203472717015,4324.10009765625,147.03403227975448,48.54345511950868,44.000072531277134,4219.5498046875,147.4941350014103,49.00487849175262,44.166973996163335,4234.7900390625,5802200,30298900,434436000,3902030000
2023-10-09,148.86500549316406,49.7958869934082,45.246334075927734,4335.66015625,149.18426770049942,50.05014024627122,45.578139267709204,4341.72998046875,147.50349538337383,49.07079518166102,44.34186831967445,4283.7900390625,147.5879996466626,49.87121929487884,44.81558816881038,4289.02001953125,4414100,15704700,409675000,3174630000
2023-10-10,148.69602966308594,50.878822326660156,45.771018981933594,4358.240234375,149.55050005341812,51.16132838464086,46.231745925219705,4385.4599609375,148.26409500972156,50.43623644743696,45.061438185078885,4339.64013671875,148.7148131682626,50.97299221005831,45.28330751838584,4339.75,5273500,20909700,368582000,3520240000
2023-10-11,146.64906311035156,50.577476501464844,46.77843475341797,4376.9501953125,149.34393026678484,51.114232164511364,46.83140494362504,4378.64013671875,146.51760722425362,49.927720591517236,46.0228794586557,4345.33984375,148.78993862734472,51.05773383716736,46.168793384796125,4366.58984375,6922900,21138900,378137000,3601660000
2023-10-12,146.7899169921875,49.72998046875,46.91733932495117,4349.60986328125,147.00587716207545,50.69049176440692,47.580949554812854,4385.85009765625,145.60681402472935,49.372142082003954,46.30270382284941,4325.43017578125,146.404933925453,50.62457104729427,46.749439043887264,4380.93994140625,5792400,19330400,481325000,3713140000
2023-10-13,147.27816772460938,49.80530548095703,45.43421936035156,4327.77978515625,147.75703959960848,50.304393236903984,47.088247061466205,4377.10009765625,146.52698519957187,49.56988618593098,45.25332622388591,4311.97021484375,147.165481032904,49.66405605926942,46.93233691107498,4360.490234375,5359800,14494600,474115000,3566560000
2023-10-16,147.91668701171875,50.31381607055664,46.06785202026367,4373.6298828125,148.59274995868805,50.43623511964454,46.197772707429415,4383.330078125,147.2687921602384,49.75822634588221,44.88554631741198,4342.3701171875,148.18899770493493,49.92772853932279,45.036458356873474,4342.3701171875,6408100,12816800,375099000,3409960000
2023-10-17,146.56454467773438,50.91648483276367,43.9121208190918,4373.2001953125,149.25001265818602,50.94473399865403,44.72764209675683,4393.56982421875,145.17486625489556,50.10664188324865,42.45497937899436,4337.5400390625,146.46125689665487,50.20081175657212,43.97408457640043,4345.22998046875,12244400,16457200,812333000,3794850000
2023-10-18,143.4095916748047,50.89765167236328,42.171142578125,4314.60009765625,146.43309113903038,51.34965629490705,43.19354257835518,4364.2001953125,142.77109580167175,50.77523263119098,41.80036274107,4303.83984375,145.9260511414022,50.94473481367157,42.565910351376075,4357.35009765625,9097300,12809500,627294000,3686030000
2023-10-19,143.02464294433594,51.18014907836914,42.07620620727539,4278.0,143.7664267038198,51.56623654666322,43.27150096490334,4339.5400390625,140.98705509794422,50.71872930983413,41.85733341911429,4269.68994140625,142.41430075110293,51.0012317221105,42.78578713530396,4321.35986328125,7733800,16202200,501233000,3969730000
2023-10-20,143.6631317138672,51.38732147216797,41.36262130737305,4224.16015625,144.48003513289288,51.81107690550516,42.444983530451566,4276.56005859375,143.03402037273491,51.26490243760095,41.05380140770334,4223.02978515625,143.4190034453675,51.34965352426839,41.86532335952727,4273.85009765625,7207000,15686400,477266000,4004030000
2023-10-23,142.15138244628906,50.925907135009766,42.949684143066406,4217.0400390625,144.13261968080414,51.688663404460236,43.2225259559653,4255.83984375,141.98237387375676,50.89765437495387,40.92088113021431,4189.22021484375,143.5316764324384,51.20840959007341,41.204714237115766,4210.39990234375,5874000,21212700,478530000,3776100000
2023-10-24,142.00112915039062,52.39491653442383,43.63727951049805,4247.68017578125,142.68659094553308,52.8940042790181,43.671259880071666,4259.3798828125,140.9682656549259,52.07474615678274,42.66585573528576,4219.43017578125,141.55042534014447,52.40433531765011,43.05162614435632,4235.7900390625,6155300,25290800,401463000,3821820000
2023-10-25,142.32040405273438,52.84691619873047,41.75438690185547,4186.77001953125,142.88378028367146,52.941086061122654,43.62428687299592,4232.419921875,141.062167048979,52.319579338186024,41.53051983848515,4181.419921875,142.01054067829128,52.507911878544505,43.372432614254315,4232.419921875,5880800,16701000,398379000,3869370000
2023-10-26,139.9072265625,52.52675247192383,40.30224609375,4137.22998046875,142.69598249321015,53.32718023819158,42.231109527965074,4183.60009765625,139.79455418634734,52.47025413957996,39.85650966502812,4127.89990234375,142.69598249321015,53.08234215732346,41.82834703800738,4175.990234375,7612500,16228400,541001000,4277640000
2023-10-27,136.7147216796875,52.018245697021484,40.47614669799805,4117.3701171875,139.58798196146415,52.8657529498182,41.18173216586504,4156.7001953125,136.10437952977526,51.88640788274307,39.991431738659564,4103.77978515625,139.42835798221176,52.310163305248,41.10577671411972,4152.93017578125,11385800,13626500,416784000,4019500000
2023-10-30,138.0574493408203,52.87517166137695,41.136756896972656,4166.81982421875,138.25464033246598,52.99758710043646,41.74140011545999,4177.47021484375,137.0903065436056,52.18774420345506,40.45715708839421,4132.93994140625,137.17481082818935,52.197162986283104,41.06280298137389,4139.39013671875,8205300,15014300,388028000,3911140000
2023-10-31,139.28750610351562,53.19534683227539,40.7559814453125,4193.7998046875,139.47529818142235,53.41193215812058,40.85492597583814,4195.5498046875,137.69125194988277,52.87517643924045,39.206895078542935,4153.1201171875,138.5363234642716,53.2706791406412,40.42617778091217,4171.330078125,7576900,16639400,517969000,4249470000
2023-11-01,139.61614990234375,53.148258209228516,42.30007553100586,4237.85986328125,140.62084537714688,53.562598463260414,42.35604230855743,4245.64013671875,139.40018973390104,52.97875603116335,40.84493168976348,4197.740234375,140.08563725055117,53.487262565358854,40.85992224625753,4201.27001953125,5733000,14110800,437593000,4224900000
2023-11-02,141.07156372070312,53.760345458984375,43.48037338256836,4317.77978515625,141.22178878332534,53.816847377840865,43.858149075327375,4319.72021484375,138.53632057517345,53.07292161118909,42.868734368129815,4268.259765625,138.695958882063,53.20475582964119,43.30247683018647,4268.259765625,5349100,13087200,409172000,4669780000
2023-11-03,142.10443115234375,53.430763244628906,44.97848892211914,4358.33984375,142.9776850951694,54.23118738783607,45.28230687928524,4373.6201171875,140.98704893945944,53.393095296375726,43.69724264528921,4334.22998046875,141.98237418112302,54.052270021953355,43.99406856905828,4334.22998046875,4926800,13958700,424610000,4570960000
2023-11-06,142.44247436523438,53.64735412597656,45.72404861450195,4365.97998046875,143.12792195784172,53.93927177469909,45.907942145910646,4372.2099609375,142.13261096176623,53.43076878936469,44.87254931814996,4347.52978515625,142.5175940685859,53.4684331493132,45.25832352062085,4364.27001953125,4851400,12673200,400733000,3656340000
2023-11-07,141.69126892089844,53.8451042175293,45.92793273925781,4378.3798828125,142.95889042914916,54.05227435732503,46.190774498668894,4386.259765625,141.48469335173735,53.421348746225995,45.13140131544397,4355.41015625,142.65841166396353,53.60026612645915,45.69207169045335,4366.2099609375,4840400,10449300,343165000,3791230000
2023-11-08,141.17481994628906,53.760345458984375,46.546566009521484,4382.77978515625,142.56449817625037,54.1181837606494,46.83939268029924,4391.2001953125,141.16542103174,53.60025848499751,45.94092017940282,4359.759765625,142.11379443391954,53.976930759614696,46.07284239178855,4384.3701171875,5460000,13744000,346719000,3729510000
2023-11-09,138.4236297607422,53.355430603027344,46.922340393066406,4347.35009765625,141.3156731634,53.807435232999914,48.201585067164196,4393.39990234375,138.27339039051233,53.0823433498522,46.72245745962616,4343.93994140625,141.3156731634,53.70385016509117,47.43903409699533,4391.41015625,6973600,12021100,540496000,3900780000
2023-11-10,138.26402282714844,53.41192626953125,48.306522369384766,4415.240234375,139.437741187311,53.60967759842982,48.44344269239489,4418.02978515625,136.7522730061544,52.79041952712641,47.25514401893321,4353.33984375,139.2029975152785,53.55317567922463,47.47201522722053,4364.14990234375,6930700,11678900,421245000,3665080000
2023-11-13,138.62081909179688,53.60968017578125,48.59135818481445,4411.5498046875,138.87433190750593,53.769763566239234,49.087068200389616,4421.759765625,137.7006137056926,53.29892499353236,48.07066518354385,4393.81982421875,138.2640041736089,53.31775896750622,48.29153566931826,4406.66015625,5889300,12798200,384136000,3326240000
2023-11-14,138.64898681640625,53.7697639465332,49.62675094604492,4495.7001953125,139.47527468552343,53.901601765282685,49.80464750738164,4508.669921875,138.00109207829735,53.49668030251385,49.011116452781614,4458.97021484375,138.6302033134947,53.694431642318186,49.65073888406581,4458.97021484375,6713600,12697100,416954000,4700350000
2023-11-15,139.71942138671875,53.873348236083984,48.85920333862305,4502.8798828125,140.3015810457202,53.995767269919206,49.93057048121235,4521.169921875,138.28279141506889,53.44017761446793,48.17160887491718,4495.31005859375,138.3579111013296,53.9580993222448,49.905587494765264,4505.2998046875,6729100,10201900,475497000,4347170000
2023-11-16,140.94009399414062,53.81684875488281,49.45085525512695,4508.240234375,141.00581476615514,54.17468347349092,49.49583073208514,4511.990234375,139.56918476617827,53.49667839092974,48.30153490578404,4487.830078125,140.37670349988423,53.91101502984008,48.65032836479482,4497.080078125,6875600,16010400,339756000,3964520000
2023-11-17,140.64903259277344,53.92042922973633,49.26896667480469,4514.02001953125,141.58800741683996,53.99576512208845,49.687718627140484,4520.1201171875,139.9729839008548,53.393092352123745,48.978137690919475,4499.66015625,141.36266262874003,53.854512120034755,49.49483149994882,4509.5498046875,7023300,14475800,325205000,3777240000
2023-11-20,141.88893127441406,54.05227279663086,50.379310607910156,4547.3798828125,142.35270413140813,54.22177498025801,50.51822867897837,4557.10986328125,139.64573047965894,53.63793252900297,49.152033232319226,4510.35986328125,139.9959431107392,53.72268362081654,49.28295659470337,4511.7001953125,8851700,13051000,414120000,3644790000
2023-11-21,143.0341796875,54.64552688598633,49.91457748413086,4538.18994140625,143.19508194682453,54.65494566964645,50.48723796925796,4542.14013671875,141.60497883654426,53.98635571831566,49.19300270316688,4525.509765625,142.0687661315527,54.10877116818967,50.096469472210146,4538.77001953125,5916300,13891600,565747000,3511080000
2023-11-22,142.750244140625,55.01278305053711,48.68730163574219,4556.6201171875,143.90495363176692,55.12578690658131,50.305347385214155,4568.43017578125,142.3432441760224,54.739699378964346,47.66190506313219,4545.0498046875,143.51690203498515,54.8621148346918,49.82263401876184,4553.0400390625,4633500,11320600,899420000,3042810000
2023-11-24,144.34034729003906,55.15403747558594,47.74785232543945,4559.33984375,144.51070929221564,55.323539671744555,48.89217817214815,4560.31005859375,142.7880975755649,54.93745213431965,47.71686854653788,4552.7998046875,142.7880975755649,55.05045240102082,48.441443678706996,4555.83984375,3351400,4816000,294645000,1639500000
2023-11-27,143.1856231689453,55.05044174194336,48.21358108520508,4550.43017578125,144.16998509918912,55.26702704127357,48.50140962414012,4560.52001953125,142.89221231512283,54.871524388291355,47.62392850332251,4546.31982421875,144.14157698984332,55.12577763329979,47.771840126632874,4554.85986328125,6449700,16246500,395662000,3403990000
2023-11-28,143.51687622070312,55.1634521484375,47.79283142089844,4554.89013671875,143.68723819220537,55.3988714486431,48.29453844522679,4568.14013671875,142.76913794395193,54.956282014748275,47.445036828306066,4540.509765625,143.29917222287125,54.993949964912396,48.20758789085354,4545.5498046875,5909000,13739600,401491000,3586240000
2023-11-29,143.97119140625,54.8338623046875,48.11164474487305,4550.580078125,144.05637239327467,55.24819897480394,48.73328003145955,4587.64013671875,142.98684407959004,54.711443264252466,47.83181088593398,4547.14990234375,143.23292730066726,55.163451476287456,48.35050619942494,4571.83984375,5190000,11263600,382005000,4418760000
2023-11-30,146.38475036621094,55.46980285644531,46.74245071411133,4567.7998046875,146.83906339536463,55.488786796815944,48.08166154319405,4569.89013671875,143.79135187518833,54.67249546496055,46.3946561295748,4537.240234375,144.1131563357409,55.01419914999922,47.99570985279465,4554.8701171875,12481900,22727500,526247000,5399300000
2023-12-01,149.90573120117188,55.65964126586914,46.737457275390625,4594.6298828125,149.98145245771912,55.70709930862704,47.172202455851924,4599.39013671875,147.15143006897173,55.27997330298937,46.15979857134605,4554.7099609375,148.06953044637177,55.3084474044808,46.49760075768486,4559.43017578125,10342900,15371200,369317000,4397120000
2023-12-04,150.37896728515625,55.593204498291016,45.483192443847656,4569.77978515625,151.4579698383566,55.96338233568053,46.04985981674189,4572.3701171875,149.5460479660711,55.46981067888888,44.98348694921652,4546.72021484375,149.5460479660711,55.6121884413388,46.04985981674189,4564.3701171875,8920300,14942200,437543000,4369910000
2023-12-05,150.06661987304688,55.678627014160156,46.54266357421875,4567.18017578125,151.08883508038542,55.83998870975382,46.57664311757359,4578.56005859375,149.75427513394192,55.450823332385774,45.24831062993343,4551.68017578125,150.30324336245806,55.57421714421426,45.44321259326519,4557.25,7268200,11891500,371718000,3909950000
2023-12-06,148.23988342285156,55.621673583984375,45.480194091796875,4549.33984375,150.17073924144972,55.745067392253304,47.36325259148531,4590.740234375,147.81396401774526,55.25149577999419,45.389240093841764,4546.5,150.03823066114217,55.58370932213105,47.19133790635441,4586.22998046875,6642900,14868500,380590000,4245680000
2023-12-07,147.0851593017578,55.75456619262695,46.57265090942383,4585.58984375,148.20202971263586,55.896940334231466,46.6056353183363,4590.919921875,146.4320905845285,55.422352620582615,45.581147431853395,4565.22021484375,148.20202971263586,55.68812058156456,45.67709999626113,4568.83984375,6532400,11587900,350823000,3818880000
2023-12-08,146.15760803222656,55.631168365478516,47.4821891784668,4604.3701171875,147.51110202045493,55.76405233639628,47.71707199991906,4609.22998046875,145.60863975553667,55.40336468617902,46.526667071393376,4574.06005859375,147.10410207292927,55.754562175966434,46.57164649877913,4576.2001953125,6254700,11178700,359224000,3707010000
2023-12-11,146.76336669921875,56.03931427001953,46.60363006591797,4622.43994140625,147.1608924715162,56.08677231398037,47.50717632201845,4623.7099609375,146.09136400403256,55.52675870528246,45.80703244000096,4593.39013671875,146.23333233615548,55.839988312894,47.46719926720655,4593.39013671875,6090400,14524800,509728000,3823210000
2023-12-12,146.77284240722656,56.400001525878906,47.633121490478516,4643.7001953125,147.00946592479104,56.400001525878906,47.64211585216739,4643.93017578125,145.42880811818935,55.906433495482624,46.02292867052267,4608.08984375,146.70658088997888,56.19118539634721,46.02292867052267,4618.2998046875,5324400,12899000,372387000,3808380000
2023-12-13,147.45428466796875,56.88407897949219,48.063907623291016,4707.08984375,147.5962674244855,56.96950490577128,48.569654619632786,4709.68994140625,143.64938942482323,56.248129612566366,47.58414857619019,4643.22998046875,145.4382623950637,56.4284752462759,47.60513796301112,4646.2001953125,10764600,16196800,447792000,5063650000
2023-12-14,148.47650146484375,56.03931427001953,48.32577133178711,4719.5498046875,148.7509927983377,56.98848963250299,48.645610681659974,4738.56982421875,146.75388998412745,55.783036487650996,47.398238742270124,4694.33984375,148.09790966140216,56.92204764679448,48.36575220371767,4721.0400390625,9240700,22478300,391232000,6314040000
2023-12-15,146.85801696777344,55.621673583984375,48.86549758911133,4719.18994140625,148.3061516763802,56.162703239172586,49.379239930936926,4725.52978515625,145.53291666210495,54.86233403466905,48.095883026170014,4704.68994140625,147.17036173034487,55.839987098928084,48.16984725179435,4714.22998046875,21727800,65177400,479948000,8218980000
2023-12-18,147.1230010986328,56.020328521728516,50.051902770996094,4740.56005859375,148.0694949148182,56.466442086370805,50.40772334929845,4749.52001953125,146.479377793605,55.640656940652114,49.12536921258584,4725.580078125,146.90531156476803,55.811508790054845,49.37524392106738,4725.580078125,7231400,16717700,412587000,4060340000
2023-12-19,148.0884552001953,55.839988708496094,49.57913589477539,4768.3701171875,148.12630860494826,56.19118258127436,49.675088445454506,4768.68994140625,146.64978029959858,55.6596430710239,48.870491649793216,4743.72021484375,146.99051871178327,56.00134678326943,49.39922581544832,4743.72021484375,6651500,14612200,464444000,4026970000
2023-12-20,145.0691375732422,54.6819953918457,48.086883544921875,4698.35009765625,148.27775161461648,55.68811899886362,49.97393763852956,4778.009765625,144.91769506900957,54.64402750683682,48.07388957337245,4697.81982421875,148.16416251526596,55.52676091880105,49.63010830567033,4764.72998046875,7008300,17701000,397894000,4201320000
2023-12-21,146.55514526367188,55.042686462402344,48.96544647216797,4746.75,146.8296366446713,55.11861861630002,49.07039338559571,4748.7099609375,145.0975506815733,54.54911478920787,48.39472971516772,4708.35009765625,145.46668280863653,54.90979885665162,48.78653533808319,4724.2900390625,4598600,11725100,300425000,3431180000
2023-12-22,147.1419677734375,55.35590744018555,48.8055305480957,4754.6298828125,148.15470887217595,55.48879141301844,49.35825100102085,4772.93994140625,146.72550809083376,55.07115555256982,48.44270969078598,4736.77001953125,146.94319767315747,55.16607164150283,49.17034549223245,4753.919921875,3798900,9029400,252507000,3046770000
2023-12-26,147.78558349609375,55.583709716796875,49.25429916381836,4774.75,147.98435360540768,55.72608384659509,49.575137414585996,4784.72021484375,146.5646125005615,55.10912204250297,48.93545881250647,4758.4501953125,146.70658083410478,55.10912204250297,48.94345422311468,4758.85986328125,4170000,6422500,244200000,2513910000
2023-12-27,147.9843292236328,55.7260856628418,49.39223861694336,4781.580078125,148.14523145592287,55.78303748910724,49.65510732450741,4785.39013671875,147.1040823736332,55.43184361251215,49.06040423894506,4768.89990234375,147.1798036198316,55.65964367594047,49.48619328583106,4773.4501953125,5288100,8560100,233648000,2748450000
2023-12-28,148.20204162597656,55.76405334472656,49.4971809387207,4783.35009765625,148.826731171649,55.877953376027534,49.85899903094536,4793.2998046875,147.64361359682385,55.555233603327515,49.38723545621996,4780.97998046875,147.65307333817532,55.6691372554452,49.61812249458572,4786.43994140625,4377500,8400100,246587000,2698860000
2023-12-29,148.3534698486328,55.934906005859375,49.4971809387207,4769.830078125,148.50489790743268,55.98236405118202,49.97194517562977,4788.43017578125,147.63412518933822,55.65015411310676,48.726567424201626,4751.990234375,148.13576583734533,55.75456398530663,49.78803546733378,4782.8798828125,4313700,9244300,389293000,3126060000
2024-01-02,151.41065979003906,56.7796745300293,48.143856048583984,4742.830078125,152.9913031774159,56.83662635992229,49.27029006493009,4754.330078125,148.40080109255388,55.68812132572376,47.57114520519551,4722.669921875,148.53330968663477,55.81151514675011,49.21931693922932,4745.2001953125,9622100,16322600,411254000,3743050000
2024-01-03,152.35714721679688,56.91255569458008,47.54515838623047,4704.81005859375,152.80200057227745,57.140359382056644,48.159848009515486,4729.2900390625,151.24975091986215,56.72271989181907,47.29628263742881,4699.7099609375,152.04480244960715,56.884081591451796,47.461200853543446,4725.06982421875,8232000,14830600,320896000,3950760000
2024-01-04,152.03533935546875,56.72271728515625,47.97394561767578,4688.68017578125,153.31309761958954,57.197304959840956,48.47569292887805,4726.77978515625,151.83656925623967,56.62780119854595,47.48418951664503,4687.52978515625,152.94396552875207,56.99797900546937,47.74305858328899,4697.419921875,6766600,12912900,306535000,3715480000
2024-01-05,152.5085906982422,56.63729476928711,49.07239532470703,4697.240234375,152.70734636076406,56.90306634526923,49.52217057126956,4721.490234375,150.93740711113594,56.08677491632801,48.281791365683425,4682.10986328125,151.91229482597043,56.76068858596392,48.43771523045836,4690.56982421875,5602500,10412800,415039000,3844370000
2024-01-08,152.88717651367188,57.054927825927734,52.22681427001953,4763.5400390625,153.0102253567128,57.12136980722003,52.248806418013224,4764.5400390625,151.06990974477563,56.399994552023095,49.45420606560053,4699.81982421875,152.48019102107878,56.64678215752283,49.48719047480535,4703.7001953125,6569800,11554600,642510000,3742320000
2024-01-09,152.9818572998047,56.950523376464844,53.113372802734375,4756.5,154.5435669031703,57.08340735167925,54.2977804134657,4765.47021484375,152.00696946021318,56.589835714585206,51.66409858423947,4730.35009765625,152.9818572998047,56.94103321572814,52.37474467579261,4741.93017578125,6357000,10493700,773100000,3529960000
2024-01-10,153.208984375,57.140357971191406,54.32276153564453,4783.4501953125,153.9188548991701,57.33968392980131,54.57263625073542,4790.7998046875,152.57483510649038,56.931538231228636,53.462192955866946,4756.2001953125,153.1616712272709,57.159341913080446,53.58913202583644,4759.93994140625,4945100,12258000,533796000,3498680000
2024-01-11,152.52749633789062,56.770179748535156,54.794525146484375,4780.240234375,153.5213178873636,57.19730576511153,55.3182646237258,4798.5,152.17729819318512,56.65627609801924,53.53316035979794,4739.580078125,153.39828349299103,57.18781560464353,54.971438397001265,4792.1298828125,4946000,13754200,596759000,3759890000
2024-01-12,153.70115661621094,57.320701599121094,54.68257522583008,4783.830078125,153.77687786758563,57.38714358719199,54.942447033748536,4802.39990234375,153.0386137196223,56.827129958582425,54.30276844931097,4768.97998046875,153.18058203947987,57.026459543611914,54.59262018659447,4791.18017578125,4496900,13218000,352994000,3486340000
2024-01-16,151.9312286376953,56.9410285949707,56.35374450683594,4765.97998046875,153.56865929697213,57.35866442901298,56.80651660434578,4782.33984375,151.6094096851682,56.80814100972335,54.87248875685251,4747.1201171875,152.92505027662398,57.32069654751374,54.990429652443055,4772.35009765625,6923200,11826900,449580000,4260550000
2024-01-17,151.8460235595703,56.9410285949707,56.02490997314453,4739.2099609375,152.66948314991382,57.14984470158361,56.442699756892196,4744.22998046875,151.3159892370769,56.779666909007155,54.71256826860131,4714.81982421875,151.67566157406262,56.817634790506396,56.318761351488625,4739.1298828125,5072100,8982100,474394000,3928600000
2024-01-18,152.58432006835938,57.10239791870117,57.0783805847168,4780.93994140625,152.73574814802433,57.16883991401664,57.57113355960741,4785.7900390625,151.14564499388894,56.5044163400448,56.07888171171816,4740.56982421875,151.43905585382913,56.65628427516832,57.23130379027645,4760.10009765625,5368500,10397700,491650000,4019000000
2024-01-19,153.02914428710938,56.7891731262207,59.461185455322266,4839.81005859375,153.25630804828515,57.21629921376718,59.470179816121735,4842.06982421875,151.7040584527984,56.608827460013096,57.19631847450879,4785.8701171875,152.52750361823792,57.1973152688602,57.95993551231964,4796.27978515625,7071300,14392600,543501000,4287200000
2024-01-22,153.77687072753906,56.54237747192383,59.624107360839844,4850.43017578125,154.82747957275996,57.01696516507129,60.300770075677505,4868.41015625,152.70732795976562,56.418983657876794,59.04040036289129,4844.0498046875,153.3320174228378,56.722719491825835,60.01890988818667,4853.419921875,6824200,14314300,452955000,4297610000
2024-01-23,151.2592010498047,56.80814743041992,59.842994689941406,4864.60009765625,151.92174394915986,56.950525191725994,59.879974896146315,4866.47998046875,148.51437427718236,56.43796959600441,58.555638180668645,4844.3701171875,151.1172327293543,56.5044115857294,59.54014514062131,4856.7998046875,9149800,14481600,294654000,3912800000
2024-01-24,150.45469665527344,55.915924072265625,61.33124542236328,4868.5498046875,152.00694627947317,56.77018340202828,62.81749966312902,4903.68017578125,149.6974985463669,55.896940129291245,59.90795933203634,4865.93994140625,151.20242058081882,56.76068962013264,60.27377702467032,4888.56005859375,7247900,16370500,560271000,4330030000
2024-01-25,151.0225830078125,56.15321350097656,61.586124420166016,4894.16015625,151.07937033804333,56.16270366130708,62.68757339968921,4898.14990234375,149.9909079956789,55.67862582648527,60.81950665772298,4869.33984375,150.492548669188,56.01083575030253,62.31875501062776,4886.66015625,5478900,14899700,482777000,4020430000
2024-01-26,150.96580505371094,56.3525390625,61.00041198730469,4890.97021484375,152.13946290666726,56.46644271057198,61.75203783033358,4906.68994140625,150.833296460825,56.124739007989206,60.54264514796327,4881.47021484375,151.8460376116631,56.2386390352446,60.92944842366768,4888.91015625,5591900,13025100,390309000,3353400000
2024-01-29,150.83328247070312,56.694244384765625,62.433692932128906,4927.93017578125,151.50529955666357,56.75119621042865,62.45767916479008,4929.31005859375,150.45469065253099,56.16270487436073,60.8764751379027,4887.39990234375,150.50200379803843,56.32406656999763,61.20130919891072,4892.9501953125,6483200,14547100,348733000,3525160000
2024-01-30,150.2748565673828,56.8556022644043,62.7425422668457,4924.97021484375,151.21187638517227,56.96950228726901,63.46118374572972,4931.08984375,149.66910098449836,56.4284726526411,62.228799892784565,4916.27001953125,150.82382482098942,56.80814060246227,62.86848239210444,4925.89013671875,7200500,22061500,410735000,3836130000
2024-01-31,150.3978729248047,56.46644592285156,61.49616622924805,4845.64990234375,152.02584356645454,57.37765343436494,62.23779495619412,4906.75,150.1801833745697,56.276610119415416,60.66958101504,4845.14990234375,151.81761375584696,57.04543987314748,61.40920802958089,4899.18994140625,8256800,22837000,453795000,4696120000
2024-02-01,149.8867950439453,57.880714416503906,62.99541473388672,4906.18994140625,150.00984388929595,57.909188519330414,63.159334010145514,4906.97021484375,148.64689017645205,56.343051309987835,61.61910590922887,4853.52001953125,149.69749912657315,56.54237727140688,62.06887734355602,4861.10986328125,8012000,15870900,369146000,4386090000
2024-02-02,148.23043823242188,57.463077545166016,66.12684631347656,4958.60986328125,149.83947527762743,57.776303533222354,66.56662061369005,4975.2900390625,147.59628893282013,57.16883187811713,63.658079168244704,4907.990234375,149.517670757057,57.72884548907039,63.94193723275367,4916.06005859375,8295900,17544900,476578000,3974350000
2024-02-05,147.4637908935547,56.98849105834961,69.29725646972656,4942.81005859375,148.49546604693737,57.311210834501075,69.46217469854224,4957.18994140625,147.0283972315866,56.8366231413852,67.17132346877767,4918.08984375,148.23044884134097,57.311210834501075,68.19080896214494,4957.18994140625,9121600,12759600,680078000,4023640000
2024-02-06,149.6028594970703,56.89357376098633,68.18881225585938,4954.22998046875,150.23700882947722,56.99798363723216,69.71904328530657,4957.77001953125,147.27449203090217,56.64678974325546,66.26677937017486,4934.8798828125,147.4921816363901,56.912557704014375,69.59510487406826,4950.16015625,9229900,12775200,683111000,4440880000
2024-02-07,149.52711486816406,56.9410285949707,70.06385803222656,4995.06005859375,150.84274092224433,57.14984470158361,70.1847995704641,4999.89013671875,149.25263796868774,56.893566932688415,67.56611024482635,4969.0498046875,149.35675288414814,57.01696073715272,68.28475157553528,4973.0498046875,8690300,10259900,495575000,4895590000
2024-02-08,148.03164672851562,56.7891731262207,69.60609436035156,4997.91015625,148.92135334463154,56.92205711975225,70.75851634793179,5000.39990234375,146.99997179806266,56.3905175248088,69.42019057387394,4987.08984375,148.92135334463154,56.84612134012436,70.03887599609345,4995.16015625,9755000,12874800,414422000,4341860000
2024-02-09,148.3723907470703,56.53288269042969,72.09685516357422,5026.60986328125,148.78885040804042,56.551866631101916,72.14882343134643,5030.06005859375,147.34071577752744,56.0298173146567,70.17681258949254,5000.33984375,147.9086179410961,56.447456767812874,70.49765087243433,5004.169921875,6529200,15235300,436637000,3912990000
2024-02-12,149.40408325195312,56.665767669677734,72.2117919921875,5021.83984375,149.93411757966905,56.722715871898394,74.57360667156944,5048.39013671875,147.98434225599166,55.96337633548529,71.21429106971823,5016.830078125,148.20203183151378,56.627799787652954,72.56361295434608,5026.830078125,6701500,13516800,613710000,3805740000
2024-02-13,148.09791564941406,56.33355712890625,72.09185028076172,4953.169921875,149.97196970422084,57.576978175217036,73.41318633673863,4971.2998046875,147.41643882178394,55.80202123555918,69.58511159640558,4920.31005859375,149.205311883725,56.47593488366234,70.36471946714927,4967.93994140625,8621000,24195700,602580000,4302190000
2024-02-14,147.406982421875,56.276611328125,73.86296844482422,5000.6201171875,148.08845926494968,56.561363228986735,74.19879860297466,5002.52001953125,146.55512914685542,56.03931747393741,71.90195366370614,4956.4501953125,147.98434434608126,56.16270767112681,73.1653201816801,4976.43994140625,9098800,15872500,504917000,3845600000
2024-02-15,149.4703369140625,56.38102340698242,72.62158203125,5029.72998046875,150.00037126515534,56.56136543971969,73.93792331267274,5032.72021484375,147.54895517017448,56.12474559994504,72.36371572931519,4999.43994140625,147.6341361675245,56.40000372974044,73.8319812576461,5003.14013671875,7462500,13695800,420122000,4137970000
2024-02-16,149.29864501953125,56.371524810791016,72.57660675048828,5005.56982421875,149.97574984324413,56.58983471203519,74.36471160286108,5038.7001953125,148.45940174867013,55.96337911082509,72.46466337072968,4999.52001953125,149.34633194210394,56.333556926883325,74.06286100719595,5031.1298828125,8541000,13947100,495327000,3833270000
2024-02-20,150.5479736328125,57.61494445800781,69.41719055175781,4975.509765625,151.2632338620539,57.74782842765143,71.91993322160957,4993.7099609375,149.1937493450229,56.48542347440388,67.70004938381788,4955.02001953125,149.3081863250594,56.57084940072001,71.91093504867314,4989.31982421875,9501700,18339300,704833000,4034880000
2024-02-21,151.3300018310547,58.127506256103516,67.43819427490234,4981.7998046875,151.33954794852556,58.16547052235114,68.85348517508466,4983.2099609375,149.85180882390392,57.7383444657336,66.21480851806203,4946.0,150.70058381433591,57.890212393175105,67.97192330584859,4963.02978515625,7472500,14373000,673755000,3788390000
2024-02-22,153.01800537109375,58.04207229614258,78.4986343383789,5087.02978515625,153.29458081471208,58.13698837986474,78.53561072851365,5094.39013671875,150.46214908279808,57.42510688949905,74.18279797043438,5038.830078125,151.6160941279441,57.890204389697224,74.98739476405899,5038.830078125,8065000,12982800,865100000,4051710000
2024-02-23,154.3436279296875,58.089534759521484,78.77749633789062,5088.7998046875,154.73464037473414,58.48818668647797,82.35269930987084,5111.06005859375,152.74145188950754,57.89969895681121,77.53111971760488,5081.4599609375,153.42810292158686,57.98512488698999,80.74950699510057,5100.919921875,6726000,13612900,829388000,3672790000
2024-02-26,153.34226989746094,57.62443923950195,79.0523681640625,5069.52978515625,154.505761185923,58.15597878151949,80.60559027528652,5097.66015625,153.13247359076263,57.57698119236859,78.46565670997347,5068.91015625,154.3054964447992,58.127504677402854,79.66005756473585,5093.0,5465400,10336100,503973000,3683930000
2024-02-27,153.52346801757812,57.27323913574219,78.66156005859375,5078.18017578125,153.5806865137414,57.69087497437619,79.4401766634304,5080.68994140625,152.2455397632377,57.06441940601694,77.12333739870063,5057.2900390625,152.91311313848956,57.4630749245091,79.34121962191507,5074.60009765625,5078600,9931100,391705000,3925950000
2024-02-28,154.06707763671875,57.3302001953125,77.62407684326172,5069.759765625,154.12429613466526,57.4156261329801,78.89343695625473,5077.3701171875,152.86543097180734,57.00748038865904,77.08634447899664,5058.35009765625,153.54255048552795,57.30172246887857,77.5810991271791,5067.2001953125,6071100,8076500,393110000,3789370000
2024-02-29,153.9049530029297,56.969505310058594,79.07235717773438,5096.27001953125,154.67743182568336,57.55799301703713,79.94991557245726,5104.990234375,153.48533128390088,56.855605281150375,78.31073797222054,5061.89013671875,154.49623021501105,57.28273129476035,79.05436845454679,5085.35986328125,9849100,18152700,507289000,5219740000
2024-03-01,154.6106719970703,56.5044059753418,82.23775482177734,5137.080078125,155.03983984700574,56.855603452808126,82.25874801625466,5140.330078125,153.62838228439088,56.32406396696844,79.39517868225165,5094.16015625,154.33411106569832,56.855603452808126,79.95989790136245,5098.509765625,5670100,10927600,479135000,4748110000
2024-03-04,152.436279296875,56.770179748535156,85.19426727294922,5130.9501953125,154.12429776418747,56.90306371998707,87.65103517604341,5149.669921875,150.93900856074583,56.210166139690216,83.67703055571498,5127.18017578125,153.84773683718575,56.219656300158206,84.08781999294531,5130.990234375,8532900,10150200,615616000,4758440000
2024-03-05,152.5602569580078,56.49491882324219,85.9249496459961,5078.64990234375,153.7714351580823,57.05493244000629,86.05789246708638,5114.5400390625,151.82591896482788,56.39999911313666,83.37910949267872,5056.81982421875,153.18014340616745,56.86509664061195,85.23126463609206,5110.52001953125,8298200,12310000,520639000,4418410000
2024-03-06,151.9594268798828,56.52339172363281,88.65970611572266,5104.759765625,153.475775177862,56.950521357980996,89.68324305114874,5127.97021484375,151.84498989196214,56.362033651110515,86.99046652196165,5092.22021484375,152.07387841981108,56.494917621615144,87.98202031125847,5108.02978515625,5773700,12378800,582520000,4559050000
2024-03-07,151.51119995117188,56.41897964477539,92.62689208984375,5157.35986328125,152.9321889808285,56.732209237964625,92.72484713388091,5165.6201171875,150.91039119667943,56.229147477672626,89.56128432084023,5128.2099609375,152.58886345597224,56.65627347447033,90.1170314433978,5132.3798828125,5188700,13686900,608119000,4137980000
2024-03-08,152.131103515625,56.49491882324219,87.48823547363281,5123.68994140625,152.9608008180704,56.751196609302035,97.35575222228928,5189.259765625,151.09158080620682,55.972873090520295,86.46669660091352,5117.5,151.51120251613588,56.28609908182674,95.09477882297772,5164.4599609375,5284000,13239000,1142269000,4208870000
2024-03-11,153.76190185546875,57.178321838378906,85.73503112792969,5117.93994140625,153.84774415939032,57.2257798793594,88.75665264185574,5124.66015625,151.52076142748834,56.55186628331374,84.1277600056999,5091.14013671875,152.10250711046385,56.74169844723569,86.38973231212468,5111.9599609375,4620800,14114300,678364000,3896430000
2024-03-12,155.20196533203125,57.425113677978516,91.87124633789062,5175.27001953125,155.55482245021028,57.66240753615198,91.91822205763889,5179.8701171875,153.66653918923916,57.14985193350123,86.11086395561675,5114.47998046875,154.09569249145864,57.25426181042827,88.00900332244493,5134.2998046875,8018700,12684600,668075000,4080510000
2024-03-13,153.63790893554688,58.01359939575195,90.84671783447266,5165.31005859375,155.14471107032244,58.09902532652805,91.46243535397218,5179.14013671875,152.40765314509437,57.70986355761845,88.39482909444929,5151.8798828125,155.00166483980803,57.78579932756022,91.01364179761762,5173.490234375,6260000,13909500,635713000,4282890000
2024-03-14,151.83546447753906,57.88444137573242,87.90404510498047,5150.47998046875,154.0575270270507,58.1714709335902,90.60482099682989,5176.85009765625,151.33954658978146,57.78876607303944,86.56065394827854,5123.2998046875,153.48532751226105,57.96098453770988,89.53630642599725,5175.14013671875,6988300,13996600,602318000,4687970000
2024-03-15,150.8531494140625,57.29124069213867,87.79708862304688,5117.08984375,151.81637587213794,57.836597892007,89.50531176073564,5136.85986328125,149.82318745114156,57.061614879141146,86.21781230295429,5104.35009765625,150.73871242973954,57.425187562312864,86.89050304320958,5123.31005859375,13165500,36849900,642086000,7753670000
2024-03-18,149.49893188476562,57.53042984008789,88.4148178100586,5149.419921875,151.33954259450127,57.788757498764774,92.36302032319799,5175.60009765625,149.25098022343673,57.2146948184456,87.04543743889901,5145.47021484375,151.22510560496607,57.300804038004564,90.34693832973477,5154.77001953125,6602300,15856700,668976000,4036220000
2024-03-19,148.97442626953125,57.62610626220703,89.3573989868164,5178.509765625,149.59431272779653,57.74091734061811,90.50287458112766,5180.31005859375,148.44989912299448,57.46345753860621,84.97139148245876,5131.58984375,149.41311111790125,57.63567598111201,86.66061871650409,5139.08984375,7840600,15030600,672171000,4031760000
2024-03-20,148.54527282714844,58.12363052368164,90.33094787597656,5224.6201171875,149.19378314897526,58.181037892440166,90.36893262675873,5226.18994140625,148.0207601818006,57.55913750511482,88.18292203943432,5171.5498046875,148.48805432416574,57.578273294701,89.7562045087411,5181.68994140625,5982300,15258800,479063000,4064850000
2024-03-21,148.53573608398438,57.85573196411133,91.39346313476562,5241.52978515625,149.68014975978332,58.35325150269685,92.60591719212168,5261.10009765625,147.91584958726267,57.712215379023405,90.36393223327248,5240.66015625,148.383143713342,57.9418411852084,92.25807569846366,5253.43017578125,5915800,13067100,480372000,4207730000
2024-03-22,148.03981018066406,57.87487030029297,94.24617004394531,5234.18017578125,149.11747373126033,58.16189983332812,94.73494632617268,5246.08984375,147.92537318485157,57.81746293377453,90.79273767099636,5229.8701171875,148.47850958462627,57.903572158662925,91.0995974210595,5242.47998046875,7248600,11502800,586719000,3374700000
2024-03-25,148.0302734375,57.78876495361328,94.95883178710938,5218.18994140625,148.75506530564306,58.08536057608347,96.7220301978138,5229.08984375,147.72508872332938,57.52086754166046,93.46751295712747,5216.08984375,148.2019289252149,57.86530446432925,93.8983168748369,5219.52001953125,7498100,13144700,552136000,3331360000
2024-03-26,148.55479431152344,57.922706604003906,92.5189437866211,5203.580078125,148.99347912965226,58.085355330699116,96.33121396198779,5235.16015625,147.5915678310092,57.769623946617294,92.45997248331167,5203.419921875,148.40220196086668,57.88443502721264,95.80744995656973,5228.85009765625,6864100,13277400,513648000,3871790000
2024-03-27,150.6433563232422,58.39152145385742,90.20899200439453,5248.490234375,150.89130797853883,58.774229927511485,93.19763126628862,5249.259765625,148.24007773741582,58.07579006540455,89.08250519129321,5213.919921875,148.76460484670437,58.161899289487785,93.06969107441357,5226.31005859375,8461600,12551200,586067000,3850500000
2024-03-28,150.8627166748047,58.5350341796875,90.31494903564453,5254.35009765625,151.76871021569028,58.6115736794984,91.25852036781959,5264.85009765625,150.78642049056043,58.362815742890156,89.15247543816959,5245.81982421875,150.87224824083177,58.49676260489292,89.95910797996004,5248.02978515625,6181500,13683500,435212000,3998270000
2024-04-01,150.47169494628906,58.0566520690918,90.32194519042969,5243.77001953125,150.82455204373986,58.64984689589822,92.18309875741171,5263.9501953125,149.50848296437854,58.00881442414873,89.16347516442184,5229.2001953125,150.41447644962227,58.53503581807919,90.25797890351257,5257.97021484375,4364700,11668700,452441000,3325930000
2024-04-02,150.4240264892578,57.54956817626953,89.41136169433594,5205.81005859375,150.51940036342128,58.1044914437295,90.0530682986896,5208.33984375,148.72647630362087,57.51129659926444,87.5801933164325,5184.0498046875,149.31776812981616,57.836597704250785,88.40781242384669,5204.2900390625,6102300,13017300,433064000,3886590000
2024-04-03,147.11474609375,57.243408203125,88.923583984375,5211.490234375,150.72920327405683,57.77919573209507,90.33294713635686,5228.75,147.10521452764175,57.19556690251369,88.3598448243253,5194.3701171875,150.4812370351489,57.45389459674375,88.44380630032965,5194.3701171875,8098200,13672900,370067000,3703250000
2024-04-04,145.43626403808594,56.7363166809082,85.865966796875,5147.2099609375,148.29730529785158,57.54957131258374,90.59282202260623,5256.58984375,145.350436292775,56.61193587375243,85.84097663074387,5146.06005859375,148.11610368974507,57.49216394394753,90.36492116364104,5244.0498046875,6947400,14320700,434965000,4075680000
2024-04-05,145.3313751220703,56.93723678588867,87.968017578125,5204.33984375,145.92265239295892,57.09988917153368,88.44080224771263,5222.18017578125,144.58750547417495,56.363177700764425,85.88696278429457,5157.2099609375,144.98804954981014,56.688478822275805,86.82653051798945,5158.9501953125,6783000,10157800,399678000,3386780000
2024-04-08,144.56842041015625,56.70761489868164,87.09341430664062,5202.39013671875,145.9512541951751,56.898969144617496,88.78964187058105,5219.56982421875,144.53981115992897,56.516260652745785,86.69259552509367,5197.35009765625,144.949901333202,56.831995706006744,88.65969605555898,5211.3701171875,5935400,10284500,283220000,3278180000
2024-04-09,145.23599243164062,57.138160705566406,85.3152084350586,5209.91015625,145.46488098325565,57.15729649502599,87.59517772557601,5224.81005859375,143.94853252782997,56.5736676907339,82.98427507127602,5160.77978515625,144.53027819684354,56.90853488183003,87.40226463843116,5217.02978515625,6135300,10779100,501700000,3400680000
2024-04-10,143.2427978515625,56.372745513916016,86.99945831298828,5160.64013671875,144.78777004542619,56.82242745602938,87.36029436616496,5178.43017578125,142.82317613352566,56.15268940282063,83.67096935278308,5138.7001953125,144.51119457126165,56.75545401568638,83.88787363370758,5167.8798828125,6809500,11861900,431929000,3845930000
2024-04-11,141.89810180664062,56.49712371826172,90.5748291015625,5199.06005859375,143.88175880576023,56.80328904564318,90.69777431894295,5211.77978515625,141.51663546342877,56.248365758431255,86.88651070979101,5138.77001953125,143.81500874410185,56.59280266418005,87.3802819466206,5172.9501953125,8374400,11109000,431637000,3509380000
2024-04-12,140.6869354248047,55.76041030883789,88.14594268798828,5123.41015625,142.16514294199095,56.45885016561464,90.13404531847848,5175.02978515625,140.33406378459392,55.616897369646715,87.49024241419995,5107.93994140625,141.20191643331714,56.40144644984956,89.65825596730527,5171.509765625,7100200,12250900,426805000,3963220000
2024-04-15,140.75369262695312,55.62646484375,85.9619369506836,5061.81982421875,142.56569419389874,56.26750100094976,90.57184164685279,5168.43017578125,140.5438817660225,55.53078954853979,85.88997105696288,5052.47021484375,141.49756220588586,56.076146760750795,89.0575303848312,5149.669921875,8502300,12425000,443077000,3950210000
2024-04-16,137.75912475585938,55.549922943115234,87.37528991699219,5051.41015625,139.47575231007718,55.85608825432522,88.07796585968008,5079.83984375,136.74822590504428,55.42554214488043,86.02490572525448,5039.830078125,138.2931834278366,55.73170745609041,86.39373376393459,5064.58984375,12774900,11236800,370453000,4006200000
2024-04-17,138.06431579589844,55.980464935302734,83.99681854248047,5022.2099609375,138.67467067076123,56.028306230224736,88.73466257299502,5077.9599609375,136.89127842464006,55.58819040547958,83.91185045527357,5007.25,138.2836582136751,55.76040884781934,88.29985504936586,5068.97021484375,9378100,13805100,495400000,3596130000
2024-04-18,138.98936462402344,56.36317825317383,84.63253021240234,5011.1201171875,139.04658311059973,56.4301516921021,86.15084492565727,5056.66015625,136.50025859391496,56.00917526887029,82.36456386223763,5001.89013671875,138.2645583220419,56.08571477774031,84.93139797129201,5031.52001953125,9887700,11125900,447260000,3619760000
2024-04-19,141.05886840820312,57.56869888305664,76.16539001464844,4967.22998046875,141.26867925582977,57.75048704441988,84.28570097395453,5019.02001953125,137.84495563429022,56.44928265684004,75.57166564195786,4953.56005859375,139.38038162719002,56.54495794719452,83.11223818340684,5005.43994140625,9750800,21207900,875198000,3878750000
2024-04-22,142.2128143310547,57.932273864746094,79.48188018798828,5010.60009765625,143.30955550482813,58.00881701990281,80.0366284086813,5038.83984375,140.4771235976856,57.138158703777044,76.36530018483673,4969.39990234375,141.6310687142205,57.53999931901423,78.06852097112996,4987.330078125,10118700,15624500,596341000,3820250000
2024-04-23,142.6324462890625,58.01838302612305,82.38555908203125,5070.5498046875,143.5193766778119,58.05665460365966,82.7314025960764,5076.1201171875,141.3354402902956,57.530433186756056,80.22754314018754,5027.9599609375,142.91855333549807,57.913138012786625,80.73231101825336,5028.85009765625,10110400,13689100,438559000,3751400000
2024-04-24,141.65016174316406,58.889041900634766,79.64080810546875,5071.6298828125,142.08886117060464,58.98472084538506,84.04380588258387,5089.47998046875,140.05751707416763,57.25297026807942,79.14702921409854,5047.02001953125,141.27822693485962,57.71221825354521,83.91186206206669,5084.85986328125,9756300,19548300,512208000,3656740000
2024-04-25,140.01937866210938,59.07082748413086,82.59446716308594,5048.419921875,142.65153161592724,59.8840784051151,83.28514753299602,5057.75,139.55206997615937,58.7168208787241,78.18746579696108,4990.580078125,142.45125230708877,59.195204632192095,78.83216944223621,5019.8798828125,7642700,19048500,424641000,3958050000
2024-04-26,139.37086486816406,59.07082748413086,87.69514465332031,5099.9599609375,140.3626861652133,59.25261199652848,88.2908745755535,5114.6201171875,139.18966324850862,58.69768509061197,83.34912027499209,5073.14013671875,139.90492360903744,58.88903932195485,83.77992423775144,5084.64990234375,6183000,10994300,551011000,3604140000
2024-04-29,140.01937866210938,59.357852935791016,87.71713256835938,5116.169921875,140.4008450431231,59.36741900430189,87.9520187834122,5123.490234375,139.22782209709675,58.86989949683917,85.22725937914602,5088.64990234375,139.37086835197448,59.24303821499167,87.55520360857133,5114.1298828125,6149600,13409300,388971000,3447450000
2024-04-30,137.8926544189453,59.09953308105469,86.36275482177734,5035.68994140625,140.07659082463837,60.11370801650108,88.77865678653,5110.830078125,137.83543591958374,58.81250354076718,86.26080377564183,5035.31005859375,140.07659082463837,59.453536059083326,87.20037162224358,5103.77978515625,8817700,19349200,363709000,4082470000
2024-05-01,144.17739868164062,59.25261306762695,83.0032730102539,5018.39013671875,144.8163773677931,59.86494369917043,85.9609283053191,5096.1201171875,140.78229872015436,58.563739282251305,81.21808131802283,5013.4501953125,141.85043068422354,59.12823226753891,85.03835112197719,5029.02978515625,14470900,16729800,559863000,4544170000
2024-05-02,142.97576904296875,59.31002426147461,85.77801513671875,5064.2001953125,145.274142383383,59.7022988257397,86.19782250273573,5073.2099609375,142.23189946796467,59.05169657528364,83.16219963332766,5011.0498046875,144.9975669081585,59.49180878889254,84.41063276835533,5049.31982421875,8459800,10991300,377898000,4381660000
2024-05-03,142.35586547851562,59.482234954833984,88.74866485595703,5127.7900390625,142.94714262042942,59.63532126179125,89.24043810826264,5139.1201171875,140.9730319245522,58.97514933726259,87.00045887297132,5101.22021484375,142.94714262042942,59.310020159063946,87.74911915331617,5122.77978515625,6532700,11628700,398341000,3924990000
2024-05-06,141.69784545898438,59.654449462890625,92.09814453125,5180.740234375,143.0997569089018,59.683154968439624,92.17811002124398,5181.0,141.0588812926697,59.223907027215816,89.01454681643976,5142.419921875,142.92808685788688,59.60661182001322,89.34939372661962,5142.419921875,5042800,9310700,376203000,3683250000
2024-05-07,141.8313446044922,59.91278076171875,90.51286315917969,5187.7001953125,142.79455653141457,60.104134994656405,91.73930312313776,5200.22998046875,141.5738468321834,59.55877780314005,88.97056485934608,5178.9599609375,142.46077713591038,60.046727629841584,91.05661474475471,5187.2001953125,7333500,9807000,437342000,3987890000
2024-05-08,142.05068969726562,60.132835388183594,90.37092590332031,5187.669921875,142.7945592295399,60.24765011501797,91.15256830092393,5191.9501953125,141.81226960225445,59.77883243822343,89.37937220367726,5165.85986328125,142.2128136156323,60.132835388183594,89.44234711947476,5168.97998046875,7735100,10484400,325721000,3842100000
2024-05-09,142.9090118408203,60.16154479980469,88.70668029785156,5214.080078125,143.14743193761714,60.41987247728231,91.0306209060013,5215.2998046875,141.99347226623703,60.03716399588318,88.19091589664993,5180.41015625,142.07930000860202,60.094571363026624,90.48786834493905,5189.02978515625,6546200,9113700,378013000,3727370000
2024-05-10,142.9662322998047,60.525115966796875,89.83716583251953,5222.68017578125,143.13788778689283,60.62079491539425,91.35947654092773,5239.66015625,142.27958124743597,60.075437682614634,89.1864606125446,5209.68017578125,143.05206004334875,60.19981484112318,90.26397379416818,5225.490234375,5710600,8371700,335325000,3617900000
2024-05-13,144.21554565429688,60.83128356933594,90.35794067382812,5221.419921875,144.95941517326222,60.86955149812604,90.95666761749975,5237.259765625,142.77549354491677,60.44857508320592,88.4887873274781,5211.16015625,143.09019525893424,60.505982451059005,90.43689954348851,5233.080078125,5628500,10137600,289680000,4255710000
2024-05-14,144.36814880371094,60.372032165527344,91.31449890136719,5246.68017578125,145.15970531043595,61.00349861530149,91.60936304982154,5250.3701171875,143.7196385413302,60.08500262468067,88.8935945415711,5217.97998046875,144.8163797720011,60.831283810616384,89.5582933408192,5221.10009765625,8254200,10852200,296507000,4763580000
2024-05-15,145.59837341308594,60.40073776245117,94.5870132446289,5308.14990234375,145.86540273981825,60.649495724939726,94.81891011999194,5311.759765625,144.29183602500243,60.27635695631758,91.55739179218557,5263.259765625,144.78775386836537,60.333764324482004,92.42999634545237,5263.259765625,5548000,9838900,417735000,4360810000
2024-05-16,147.13381958007812,60.58251953125,94.31613159179688,5297.10009765625,147.22919344647687,60.97479407141687,95.77546736350578,5325.490234375,145.27414560137396,60.34332764944633,94.06024356723809,5296.18994140625,145.91310976062056,60.50598002695763,94.86688376052464,5310.06982421875,7591000,10228000,323952000,3817470000
2024-05-17,147.4771270751953,60.305057525634766,92.43697357177734,5303.27001953125,147.6869379139847,60.63035863871795,94.6969477534784,5305.4501953125,146.59021134468236,60.21894830011926,91.76428286221368,5283.58984375,147.6869379139847,60.601656780138974,94.32612176653853,5303.10009765625,6521800,11539000,359691000,3578120000
2024-05-20,145.42938232421875,59.86494064331055,94.73694610595703,5308.1298828125,147.46752320949054,60.285917018562955,95.15675349579068,5325.31982421875,145.41975904140696,59.75969563705287,93.39755844526998,5302.39990234375,147.18872673107896,60.209377518416275,93.70741519120496,5305.35009765625,7742300,11000900,318764000,3420100000
2024-05-21,145.4005584716797,60.19024658203125,95.34266662597656,5321.41015625,146.6984255414066,60.25722001872424,95.35666020460762,5324.31982421875,144.96792144546393,59.740564664425264,93.13766755607001,5297.8701171875,145.91970236564242,60.10413735631476,93.55647591838027,5298.68994140625,5492400,9796200,328946000,3662240000
2024-05-22,147.57327270507812,60.27635192871094,94.90687561035156,5307.009765625,148.13088031669818,60.295487716502976,95.97638936710452,5323.18017578125,144.5160614585425,59.951050835802945,93.20665171529967,5286.009765625,145.0159733837428,59.99888848039388,95.41564713341822,5319.27978515625,6609800,7419400,548648000,3847130000
2024-05-23,143.9199981689453,59.40569305419922,103.75184631347656,5267.83984375,146.93876046434426,60.16154024030037,106.27169708469262,5341.8798828125,143.6123611722215,59.36742147900411,101.47387473907386,5256.93017578125,146.85223893429435,59.78840150659376,101.98164718121453,5340.259765625,8000400,9834300,835065000,3869520000
2024-05-24,141.29539489746094,59.3195915222168,106.4206314086914,5304.72021484375,144.0257371491903,59.72143216450574,106.42662538840617,5311.64990234375,141.09349667795678,59.290889661990086,102.95320565484818,5278.39013671875,143.75654930294303,59.53008156328935,104.40154485251333,5281.4501953125,9520600,8203100,429494000,3005510000
2024-05-28,138.805419921875,59.147369384765625,113.84925842285156,5306.0400390625,141.12235745488894,59.44396863786079,114.88678889703833,5315.91015625,138.58428977598095,58.74552876745463,109.83308596330244,5280.89013671875,141.12235745488894,59.118667526322994,110.19392203047549,5315.91015625,10499800,12347000,652728000,3751540000
2024-05-29,138.86309814453125,59.03255844116211,114.77283477783203,5266.9501953125,139.8052557227249,59.20477689178325,115.4395315931238,5282.27001953125,138.16128793513676,58.42979386398814,110.85062138095752,5262.7001953125,138.26704136419394,58.812502343097,112.99864721739439,5278.72998046875,8263800,11861800,557442000,3552750000
2024-05-30,139.670654296875,59.2908821105957,110.44979095458984,5235.47998046875,139.98791456704197,59.39612711772778,115.76637434873233,5260.2099609375,138.4593089041235,58.936875513919006,109.61317328431451,5222.10009765625,139.0361337565411,59.176067384754354,114.5979068006944,5259.77001953125,8490300,9433800,484553000,3818750000
2024-05-31,141.00698852539062,60.209381103515625,109.58319854736328,5277.509765625,141.78571163083896,60.30505639684041,112.66579716472957,5280.330078125,139.58413625037838,59.02298775748435,106.89142114521177,5191.68017578125,139.949468934767,59.31002093701571,112.46888043622216,5243.2099609375,14621200,19816600,613263000,5437160000
2024-06-03,142.03567504882812,60.209381103515625,114.94775390625,5283.39990234375,143.1508756024252,60.36246376270238,114.94775390625,5302.10986328125,141.103126158493,59.75013312595534,111.95211383768398,5234.31982421875,141.56458896238277,59.99889107846689,113.56938260132851,5297.14990234375,7329200,9369000,438392000,4046920000
2024-06-04,142.09335327148438,61.175716400146484,116.38410186767578,5291.33984375,142.58365657412352,61.204421908761994,116.54702983384996,5298.7998046875,140.54551578318691,60.21894884127776,113.99319020529364,5257.6298828125,141.7857016285155,60.467710450459634,115.66343635588582,5278.240234375,8876400,11895600,403324000,3707900000
2024-06-05,140.3340301513672,61.156578063964844,122.3843765258789,5354.02978515625,142.27604109955385,61.30009465172946,122.39336749547275,5354.16015625,140.21866810264083,60.61122087010483,117.41463524122511,5297.64013671875,142.25680920155278,61.22355514809252,118.31722487581986,5314.47998046875,5891300,9632500,528402000,3591460000
2024-06-06,140.76663208007812,61.376644134521484,120.94303894042969,5352.9599609375,141.32423968408617,61.5775644582888,125.5299513206976,5362.35009765625,139.07459204248113,61.08004485911819,118.26625399255828,5335.35986328125,139.88215560567713,61.156584370648154,123.99164893221229,5357.7998046875,5016300,8658500,664696000,3609990000
2024-06-07,141.4011688232422,61.14701461791992,120.83309173583984,5346.990234375,142.5740651818604,61.443613875461125,121.63672740368239,5375.080078125,140.6897353151762,61.051339321824614,117.96839619109423,5331.330078125,141.0166042230824,61.319229420935756,119.71559570112827,5343.81005859375,5111600,9523100,412386000,3692760000
2024-06-10,141.44923400878906,60.840850830078125,121.73467254638672,5360.7900390625,141.86262442950638,61.223559323699845,123.04407498199869,5365.7900390625,139.97830932868524,60.630360793608304,116.95684528802722,5331.52001953125,140.87239447282573,61.17571802466311,120.31531947295237,5341.22021484375,5749900,15685300,313434100,3622280000
2024-06-11,141.09352111816406,60.802574157714844,120.86500549316406,5375.31982421875,141.47808572915827,60.8982530979952,122.8242751394822,5375.9501953125,139.82449457598307,60.34332619370427,118.6958072896019,5327.25,141.14159352824333,60.84084573382699,121.7246784169854,5353.0,5661200,8396000,222551200,3568030000
2024-06-12,139.79563903808594,60.16154479980469,125.15340423583984,5421.02978515625,141.5261429274587,60.936524182458996,126.83277933516129,5447.25,139.18995900939586,59.97975662873974,122.52438572610106,5409.1298828125,141.38192571272194,60.936524182458996,123.01420123899119,5409.1298828125,6180500,9569600,299595000,3962840000
2024-06-13,139.83407592773438,60.266788482666016,129.56175231933594,5433.740234375,140.36284299623665,60.314626129338954,129.7516840309139,5441.93017578125,138.32470229906832,59.75013313912984,127.11266740076113,5402.509765625,139.46875795556312,60.142407681493566,129.34183299573078,5441.93017578125,6840400,9668900,260704500,3530380000
2024-06-14,139.92062377929688,60.310176849365234,131.8309326171875,5431.60009765625,140.33402889961206,60.445163069213145,132.7905668615139,5432.39013671875,138.90155323893083,59.866649647551064,128.27225972601377,5403.75,139.53607384054587,60.146266061863805,129.9116488754234,5424.080078125,4075300,8179200,309320400,3438650000
2024-06-17,140.3147735595703,60.37766647338867,130.93125915527344,5473.22998046875,140.7762363429035,60.64764257559607,133.68023590303568,5488.5,139.15150065392913,59.95342356720335,129.53178618492996,5420.39990234375,139.42068850000993,60.136618615263245,132.94052101290185,5431.10986328125,6666600,10532700,288504400,3447840000
2024-06-18,140.0263671875,60.38731002807617,135.529541015625,5487.02978515625,140.73780065985704,60.570505074863824,136.2792618770274,5490.3798828125,139.6514258896883,60.204111303190125,130.64136160940566,5471.31982421875,140.32441023877902,60.29088867863657,131.09119107562512,5476.14990234375,6156600,10651700,294335100,3544330000
2024-06-20,142.07412719726562,59.95342254638672,130.73133850097656,5473.169921875,142.36254695695627,60.493371063509485,140.70762089792785,5505.52978515625,139.41107439855548,59.731658962059065,129.47181280958608,5455.56005859375,139.66104503611862,60.1655458349168,139.74798663394793,5499.990234375,8749700,13306300,517768400,3847060000
2024-06-21,143.00668334960938,60.52229309082031,126.52288818359375,5464.6201171875,143.32394363437191,60.84047433217321,130.5813821684496,5478.31005859375,141.67996118962765,59.95342003206384,124.25373647196925,5452.02978515625,142.17988782043278,59.95342003206384,127.07268651484108,5466.77001953125,15172300,28278100,649445800,6773800000
2024-06-24,143.36239624023438,61.6793212890625,118.0660400390625,5447.8701171875,143.9392358028374,61.76609497881817,124.41367504218907,5490.66015625,142.4490791574791,60.65727714301824,117.99606639814192,5447.58984375,143.24703419556954,60.734414215820706,123.19412790624048,5459.580078125,6914700,13212500,476060900,3696750000
2024-06-25,141.50692749023438,61.553977966308594,126.04306030273438,5469.2998046875,143.4393151675009,61.77574154276908,126.45291134412159,5472.8798828125,141.26658010735665,61.23579304480123,119.27558373905313,5446.56005859375,143.42008326937147,61.650395633257254,121.15488117789624,5460.72998046875,5912500,10235300,414192600,3591960000
2024-06-26,141.15121459960938,61.756465911865234,126.35296630859375,5477.89990234375,141.5069240232686,61.81431504544132,128.07231986611026,5483.14013671875,140.15136129633632,60.96582553137296,122.5543772913855,5451.8701171875,140.5551431293213,61.12973999206843,126.08306250851786,5460.7099609375,5267800,9402500,362975900,3563920000
2024-06-27,140.17059326171875,61.62147903442383,123.94385528564453,5482.8701171875,141.67035854771325,61.968584887167296,126.36296048467365,5490.81005859375,139.24765287899305,61.34186261479,122.87425378862146,5467.5400390625,141.1319827701398,61.75646893493922,124.05381495953473,5473.58984375,5739200,8494100,252571700,3589530000
2024-06-28,140.5166778564453,61.37078857421875,123.49402618408203,5460.47998046875,141.3915457288656,61.766103251937665,127.66247251115811,5523.64013671875,140.026359875162,61.2454426531746,122.70431926304767,5451.1201171875,140.40130115339383,61.611836441865954,124.53364006899224,5488.47998046875,10495700,17358800,315516700,7199220000
2024-07-01,140.785888671875,61.01403045654297,124.25374603271484,5475.08984375,142.95862378341505,61.99750980145877,124.79353836567705,5479.5498046875,139.99754219596056,60.85975998006757,118.78578041896601,5446.52978515625,140.43017923108653,61.737174004664816,123.42405307864779,5471.080078125,5144400,10033400,284885500,3488760000
2024-07-02,140.39169311523438,60.88869094848633,122.62434387207031,5509.009765625,141.4684445505363,61.110454538464744,123.36407395616142,5509.68994140625,140.11289664346444,60.609074547953284,120.98495484371743,5458.43017578125,140.7762430079456,60.99474891735547,121.0849161012404,5461.83984375,5492000,8878200,218374000,3329950000
2024-07-03,140.0648193359375,61.0622444152832,128.2322540283203,5537.02001953125,140.98774491398902,61.39006596722256,128.2322540283203,5539.27001953125,139.15150237049406,60.67656637590998,121.31483142526585,5507.419921875,140.55512263242503,60.927254526833714,121.61472281837746,5507.43994140625,3246200,9154200,215749000,2179470000
2024-07-05,140.82432556152344,61.476844787597656,125.78316497802734,5567.18994140625,140.89162986589966,61.50577303199474,128.8020451346638,5570.330078125,138.92077851702442,60.74406090927763,125.63321928620486,5531.6298828125,140.14174725232004,61.062245850956344,127.3325834560472,5537.91015625,4888500,11735500,214176700,3253080000
2024-07-08,139.86293029785156,60.70549011230469,128.1522674560547,5572.85009765625,141.53575318866373,61.31293172868556,130.72131795385047,5583.10986328125,139.64181483624648,60.589788173312535,126.99270329559334,5562.509765625,140.7474068139104,61.31293172868556,127.44253270774867,5572.75,5260200,11235100,237677300,3185670000
2024-07-09,141.372314453125,60.44515609741211,131.33111572265625,5576.97998046875,141.44922736561716,60.96582032371327,133.77021018974597,5590.75,139.57450629660212,60.34873843095555,128.60212062869667,5574.56982421875,140.0455923845022,60.80190955511746,130.30150022676182,5584.240234375,5890400,11657500,285366600,3232920000
2024-07-10,143.66041564941406,60.58015060424805,134.85980224609375,5633.91015625,143.69887944165606,60.609075170773366,135.0497339856147,5635.39013671875,141.0165947138602,60.05948633820135,132.37072330988062,5586.43994140625,141.57420234426093,60.474088956190556,133.98012482225403,5591.259765625,6093200,11930400,248978600,3336100000
2024-07-11,143.9199981689453,60.840476989746094,127.35259246826172,5584.5400390625,144.76602558180375,61.18758648863731,136.0993287251507,5642.4501953125,142.90092769598704,60.165545939789126,127.00272423823502,5576.52978515625,143.80463612887874,60.3969498203177,135.6994836774376,5635.2099609375,6350400,11431600,374782700,4020950000
2024-07-12,144.09304809570312,61.41899871826172,129.19192504882812,5615.35009765625,145.0544374965666,61.81431708248602,131.87092070175893,5655.56005859375,143.477759465936,61.12009803190729,127.17267226738277,5590.43994140625,144.20841012952255,61.18759114203593,128.2122786505662,5590.759765625,5336400,9201500,252680500,3700280000
2024-07-15,143.47775268554688,61.13937759399414,128.3922119140625,5631.22021484375,144.44875065346244,61.65039786792196,131.3411112143201,5666.93994140625,143.1220286486841,61.081524784869,127.13267860503073,5614.75,144.2853162233957,61.50577136225665,130.51141821403814,5638.16015625,6711400,8207500,208326200,3620470000
2024-07-16,145.17941284179688,61.96858215332031,126.3129653930664,5667.2001953125,145.24671714346178,62.0071506946232,128.99196049020554,5669.669921875,143.4008511944223,61.12009631324815,124.53362918601508,5639.02001953125,143.9103864197991,61.15866485455103,128.39219298118343,5644.08984375,6469600,9025100,214769500,4041760000
2024-07-17,150.5343780517578,62.87492752075195,117.94608306884766,5588.27001953125,151.4092460661819,63.04848228690031,121.80464702237855,5622.490234375,145.57360443484006,62.10357872602391,116.67655910688254,5584.81005859375,145.69858977108362,62.161427862674216,121.30483311779221,5610.06982421875,13801400,12508200,390086200,4246450000
2024-07-18,149.41915893554688,62.85563659667969,121.04492950439453,5544.58984375,151.00546046122898,63.453430527009424,122.35444713942657,5614.0498046875,148.6500443779107,62.40246548420635,116.51661668353269,5522.81005859375,149.59221667909404,62.47960255786059,121.80464878579994,5608.56005859375,10166200,11128200,320979500,4007510000
2024-07-19,148.71734619140625,62.95206832885742,117.88611602783203,5505.0,150.46706747777472,63.289533906264495,121.55474851190428,5557.5,148.16934712728064,62.49889711511169,117.32632685631629,5497.0400390625,150.46706747777472,63.289533906264495,120.30521366365987,5543.3701171875,7398000,13775700,217223800,3760570000
2024-07-22,148.2847137451172,62.450679779052734,123.49402618408203,5564.41015625,149.1211178706183,62.95206347499698,124.02382772725001,5570.35986328125,147.65980180211483,62.01679654958321,119.81539537076715,5529.0400390625,148.79424897900165,62.91349493252456,120.30521088452835,5544.5400390625,6840600,11794200,258068900,3375180000
2024-07-23,146.46768188476562,62.633872985839844,122.54436492919922,5555.740234375,147.57327383390705,63.67520147204856,124.64358935199353,5585.33984375,145.7177993215911,62.527811342455806,122.05454945627272,5550.89990234375,147.390607499609,63.087044124626786,122.73429664640844,5565.2998046875,6261900,11810300,173911000,3500210000
2024-07-24,150.24594116210938,63.45343780517578,114.20747375488281,5427.1298828125,150.37092648413653,63.607711970179636,119.90534904476712,5508.0400390625,146.4484557915456,62.50853429121694,113.39777769436101,5419.97998046875,146.86184621111428,62.759218775052595,119.12564059736765,5505.83984375,7168200,13244600,327776900,3945550000
2024-07-25,153.47621154785156,63.704124450683594,112.23820495605469,5399.22021484375,154.379919979976,64.49476109136602,116.5865842364698,5491.58984375,149.97675452896135,63.501645142774294,106.26043515376628,5390.9501953125,150.43821735847467,63.675199886153194,112.99792419777776,5428.7001953125,10019600,16328600,460067000,4592120000
2024-07-26,154.43759155273438,64.64904022216797,113.01791381835938,5459.10009765625,155.34129992957733,64.70688935568351,116.15674442221705,5488.31982421875,153.31276772293134,63.64628022278187,111.53846898200278,5430.7001953125,153.58195557948395,63.704129356297415,116.14675363558489,5433.669921875,8356900,13530100,293399100,3638770000
2024-07-29,152.4379119873047,64.43690490722656,111.5484619140625,5463.5400390625,153.8223151709858,64.62974022044705,116.23671871019991,5487.740234375,151.94760863876726,64.01265839070669,111.2585765650607,5444.43994140625,153.79347466046238,64.48511005743386,113.64768638350331,5476.5498046875,5625000,12140200,248152100,3379970000
2024-07-30,155.10096740722656,65.2564697265625,103.69139862060547,5436.43994140625,155.3124742675411,65.40109989778469,111.94831904183755,5489.4599609375,152.2456394626196,63.983737460960235,102.5018390571419,5401.7001953125,152.41868252852822,64.0994430691772,111.4784927394089,5478.72998046875,6545700,13258000,486833300,3777740000
2024-07-31,151.75534057617188,64.35012817382812,116.9764404296875,5522.2998046875,154.15881435995894,65.18897729049147,118.29594880516444,5551.509765625,151.64958714289966,64.22478594746535,110.83872641972829,5493.75,153.67811960320154,65.08291565426289,112.85797882293917,5505.58984375,8293200,15576800,473174200,4546910000
2024-08-01,154.55296325683594,65.52644348144531,109.16935729980469,5446.68017578125,154.60103566343662,65.67107365566615,120.11528690507727,5566.16015625,151.62073715950018,64.31156031666508,106.77024891874801,5410.419921875,152.36099647652284,64.60082066510674,117.4862607613273,5537.83984375,7213400,16495900,523462300,4703620000
2024-08-02,157.80247497558594,66.84739685058594,107.23006439208984,5346.56005859375,158.48506798834424,67.1752184217162,108.67952919207649,5383.89013671875,154.78371247436223,65.2661234171639,101.3322668230447,5302.02978515625,155.64895717313314,66.07604072668374,103.72137651325762,5376.6298828125,11280400,22514800,482027500,5156450000
2024-08-05,155.02403259277344,65.66143035888672,100.41261291503906,5186.330078125,159.3791251720413,67.05951224916373,103.37151801623692,5250.89013671875,154.37990348902352,65.30468426248898,90.65625074239716,5119.259765625,157.4659550856409,66.51956008358943,92.02573599453234,5151.14013671875,12032200,25484300,552842400,5333250000
2024-08-06,152.8320770263672,65.61323547363281,104.21119689941406,5240.02978515625,155.24515918563532,66.37494029627914,107.66990813072123,5312.33984375,152.80323651738442,65.34325567049272,100.51257713442128,5193.56005859375,154.83176877712333,65.70965315379839,103.80134584558614,5206.419921875,7607100,12969100,409012100,4690190000
2024-08-07,152.7647705078125,66.00853729248047,98.8731918334961,5199.5,154.41836145713023,66.70275622416307,108.75951041282163,5330.64013671875,152.08219224561208,65.40109940535622,98.65327249174283,5195.5400390625,152.73592999924844,65.61322267405879,107.76987337493198,5293.1298828125,5993000,13365300,411440400,4558260000
2024-08-08,154.0338134765625,66.26888275146484,104.9309310913086,5319.31005859375,154.49527628895788,66.39422499392086,105.46073260357065,5328.02978515625,151.92836830740345,65.42038955269454,97.48369942630838,5233.85009765625,152.44752680728178,65.5650197439574,101.9620353134048,5252.56982421875,5094800,15240900,391910000,4016830000
2024-08-09,154.41836547851562,66.22066497802734,104.71101379394531,5344.16015625,154.71639385453102,66.32672661945283,106.5603237294343,5358.669921875,153.18778818227483,65.80606238596316,103.39150538103131,5300.83984375,153.93767076374536,66.23994556910628,105.60068194063821,5314.66015625,4579200,12080400,290844200,3516400000
2024-08-12,153.70693969726562,65.72891998291016,108.97943115234375,5344.39013671875,155.4566607512245,66.08567341663148,111.02867141394987,5371.2001953125,152.58211587622682,65.40109846775754,106.22046361794415,5324.3701171875,154.75485060708326,65.99889237331725,106.28043885191414,5351.8798828125,7605400,11012300,325559900,3360160000
2024-08-13,152.27447509765625,66.00853729248047,116.09677124023438,5434.43017578125,154.1780221098947,66.15316746261368,116.18674170739067,5436.5,150.3997685954791,65.57465413827687,111.53847094577725,5376.97998046875,154.08189196623675,65.64214723684623,112.3981514576694,5376.97998046875,9711400,9877600,312646700,3648980000
2024-08-14,152.3610076904297,66.12425231933594,118.03605651855469,5455.2099609375,153.38970152276917,66.4231493189792,118.55585963676825,5463.22021484375,151.3227052439184,65.69036174712787,114.02754676709954,5415.91015625,151.73611036754454,65.7867867784166,118.48588599342114,5442.35986328125,5141200,14328000,339246400,3380050000
2024-08-15,152.94744873046875,66.19174194335938,122.81427764892578,5543.22021484375,153.34162193766772,66.45207038802354,123.1941334844724,5546.22998046875,151.74571188142747,66.0471117602363,117.42628417440801,5501.1298828125,152.25524713184984,66.16281737797411,118.71580500966671,5501.1298828125,7237800,11285100,318086700,3723310000
2024-08-16,153.23585510253906,66.70277404785156,124.53363037109375,5554.25,153.76462220378662,66.81847968611511,124.95347220733727,5561.97998046875,152.07256747979443,66.18210970996259,121.13489440174322,5525.169921875,152.99550775375727,66.37494508420383,121.89461364819915,5530.5,5012800,12651200,302589900,3357690000
2024-08-19,153.4665985107422,66.50991821289062,129.9516143798828,5608.25,154.10110438191884,66.93415737695054,129.9516143798828,5608.2998046875,152.9859037985438,66.38456863761742,123.37406160628171,5550.740234375,153.30316406895133,66.86666428110948,124.23374212691918,5557.22998046875,4408400,9843900,318333600,3222050000
2024-08-20,153.97613525390625,66.89559936523438,127.20263671875,5597.1201171875,154.71639455586836,66.90524333935599,129.83166269656482,5620.509765625,153.50504915022609,66.30744199916276,125.8431423095097,5585.5,153.82230942376924,66.51956529265703,128.35220257999387,5602.8798828125,7275100,11957400,300087400,2994420000
2024-08-21,155.1970977783203,67.07879638671875,128.45217895507812,5620.85009765625,155.24517018657755,67.61874122464815,129.30186873034427,5632.68017578125,154.12034624762742,66.84739250706282,126.61286736853016,5591.56982421875,154.2068677807068,66.99202269042154,127.27261778490315,5603.08984375,5019400,8792400,257883600,3119670000
2024-08-22,156.08157348632812,66.84739685058594,123.69395446777344,5570.64013671875,156.21616741427366,67.41626629091098,130.70134819678017,5643.22021484375,154.58179371397196,66.32673257038154,123.05419322056757,5560.9501953125,155.7450813316453,67.41626629091098,129.97162409913395,5637.77001953125,6552100,12509200,376189100,2981530000
2024-08-23,157.7928466796875,67.29092407226562,129.32183837890625,5634.60986328125,157.87936820484464,67.34877320691086,129.5517637458536,5641.81982421875,155.4566628129786,66.47136278793701,125.1733892777955,5585.16015625,156.225777265753,66.91488998467723,125.81315043381734,5602.490234375,7093400,11834700,323230300,3291940000
2024-08-26,158.2543182373047,68.3033218383789,126.41293334960938,5616.83984375,159.31185250207156,68.38045892331216,131.2111423152786,5651.6201171875,157.22562448251887,67.23307604876842,124.32371486411647,5602.33984375,157.83130453139796,67.32949372683635,129.5217841101186,5639.66015625,6870600,12912200,331964700,2938570000
2024-08-27,157.84747314453125,68.93968963623047,128.25225830078125,5625.7998046875,158.90333795517913,68.96861420314225,129.15191727923408,5631.18017578125,157.08221726019505,68.5058064201596,123.83389733541988,5593.47998046875,158.3802537126053,68.76613487856271,125.00346773520825,5602.89013671875,4388700,16988400,303134600,2798990000
2024-08-28,158.78709411621094,69.18074035644531,125.5632553100586,5592.18017578125,159.83327734161955,69.23858949265569,128.28224429229948,5627.02978515625,157.61499169305645,68.74685712247269,122.59435936439931,5560.9501953125,157.89590428293326,69.0457541344895,128.0723157316594,5624.509765625,5187000,13272600,448101100,3053450000
2024-08-29,159.08737182617188,69.47000122070312,117.54623413085938,5591.9599609375,159.5620335086649,69.63391201187498,124.38369252727087,5646.9501953125,158.24461934309576,68.67936447694764,116.66656437657561,5583.7099609375,159.47485527544646,69.3253710229996,121.31483536128766,5607.2998046875,7390100,17201700,453023300,3065640000
2024-08-30,160.66635131835938,69.87496185302734,119.32557678222656,5648.39990234375,160.78258897411476,69.97137953547353,121.70468827145996,5651.3701171875,158.68054094029722,69.20966733861269,117.17637542296369,5581.7900390625,158.98083140498778,69.61462601860524,119.48551326917712,5612.740234375,7971000,18624200,333751600,4185850000
2024-09-03,161.92564392089844,70.39561462402344,107.95980072021484,5528.93017578125,162.55528425307764,70.66558703308873,116.1667439153335,5623.89013671875,159.61048370517096,69.66282711642022,107.25006590844444,5504.330078125,160.06576755680211,69.84602583237013,115.96682140906611,5623.89013671875,6956500,14755800,477155100,3866350000
2024-09-04,162.119384765625,69.96173858642578,106.17046356201172,5520.06982421875,163.56273307446946,70.89700559462193,113.22783311293709,5552.990234375,160.8407113997788,69.33501994531929,104.08124520263415,5503.66015625,162.555290765442,70.67524565102369,105.37076592928464,5506.68017578125,6939100,18140800,372470300,3478140000
2024-09-05,159.82359313964844,68.62150573730469,107.17009735107422,5503.41015625,162.12905699007703,70.07743692910701,109.60919166518133,5546.2998046875,159.668599750095,68.43831435866265,104.72101224991617,5480.5400390625,161.96438205654522,70.0195877943987,104.95092237696757,5520.080078125,4600400,23866100,306850700,3521650000
2024-09-06,159.23269653320312,68.59257507324219,102.79173278808594,5408.419921875,160.7438451550637,69.10359533427044,108.10975260064535,5522.47021484375,158.98082857557074,68.3515272251197,100.9124275647732,5402.6201171875,160.00763393242556,68.44794489312937,107.99979292793853,5507.330078125,6016900,17485700,413638100,3822800000
2024-09-09,161.3928680419922,69.27716064453125,106.43037414550781,5471.0498046875,162.16782024469637,69.7206878699748,106.5103462006769,5484.2001953125,159.31987939882418,68.4383187131001,103.65141005409866,5434.490234375,159.678288695419,68.67936659798448,104.8409619618805,5442.06982421875,7538200,12939300,273912000,3825940000
2024-09-10,162.1387481689453,68.98788452148438,108.05976104736328,5495.52001953125,163.1849313437515,69.82672617234175,109.3592802066297,5497.91015625,161.5284709550627,68.9589526057693,104.910932028029,5441.72021484375,162.25498581692955,69.39284306715312,107.7698680771714,5490.509765625,6559600,10277600,268283700,3848180000
2024-09-11,159.65890502929688,68.53472900390625,116.86648559570312,5554.1298828125,161.5672037043696,68.81434540295744,117.14638014948389,5560.41015625,158.95175329069008,68.04298931204404,107.38001262051282,5406.9599609375,161.5672037043696,68.80470142886688,109.3492805366119,5496.419921875,5920200,11418200,441422400,3839450000
2024-09-12,159.4845428466797,68.67935943603516,119.10585021972656,5595.759765625,159.93014513494188,68.82398226692625,120.75537880467239,5600.7099609375,157.61498501908312,68.12977061005832,115.34692581517743,5535.5,159.0583184268592,68.45759216834065,116.80650641923144,5557.47998046875,4540900,12337800,366052700,3655070000
2024-09-13,160.3369903564453,69.32494354248047,119.06585693359375,5626.02001953125,160.5597841082371,69.38318926645324,119.92561101375162,5636.27001953125,158.6902262961471,68.42209778776152,117.56628692781244,5601.64990234375,159.58141608429693,68.77157953822636,119.04586602282129,5603.33984375,3693400,11073800,238358300,3500790000
2024-09-16,161.76097106933594,69.99478912353516,116.74652099609375,5633.08984375,162.0128242492569,70.13070074577165,118.14612117800917,5636.0498046875,160.58885384916144,69.52880853490375,114.32721657757573,5604.52978515625,161.15069381758542,69.67442283970861,116.75652026497235,5615.2099609375,5187800,10786500,248772300,3437070000
2024-09-17,161.8384552001953,69.70355224609375,115.5568618774414,5634.580078125,162.46809549159988,70.2374886392465,118.76594842655497,5670.81005859375,160.73413843763794,69.6258863467388,114.7970852268969,5614.0498046875,161.03444365855128,69.80063091697355,118.13612413784692,5655.509765625,5066500,12974400,231925900,3443600000
2024-09-18,160.947265625,69.65501403808594,113.33749389648438,5618.259765625,163.07838787640318,70.26661637300977,117.66624647223807,5689.75,160.5501153699511,69.1890260162666,113.18753538354541,5615.080078125,161.4122458149337,69.79092566806901,115.85676793047314,5641.68017578125,4722800,10719700,310318900,3691390000
2024-09-19,159.65890502929688,68.55801391601562,117.83621215820312,5713.64013671875,161.16035717610674,69.83947177394916,119.62569992209964,5733.56982421875,159.27142158739275,68.53859373566421,117.21638715198857,5686.419921875,161.0247416666858,69.47056241355871,117.31635695887289,5702.6298828125,4956100,13635600,293506400,4024530000
2024-09-20,159.0195770263672,69.54822540283203,115.96675109863281,5702.5498046875,159.70733615380513,69.70355721260965,118.58600287786223,5715.14013671875,158.42867767890135,68.32501332403254,115.35692533181683,5674.490234375,159.1551925431143,68.3541435933371,117.02644483175867,5709.64013671875,11839000,48578500,382462400,7867260000
2024-09-23,158.1090087890625,69.6355972290039,116.22667694091797,5718.56982421875,159.34892630365795,70.09186772799887,116.9564634197924,5725.35986328125,157.62466554801796,69.10165342314143,114.82707671663402,5704.22021484375,159.25205174305594,69.46085265677873,116.51659472951452,5711.89990234375,4671600,11613000,206228500,3529550000
2024-09-24,157.68280029296875,69.24727630615234,120.83535766601562,5732.93017578125,158.37057426832786,69.72296699157023,121.76509140434464,5735.31982421875,156.4913199383724,68.53858791607311,115.34692577819862,5698.990234375,157.6924818376134,69.1404875431729,116.48659840876869,5727.66015625,6041600,13330600,354966800,3872710000
2024-09-25,155.57107543945312,69.36377716064453,123.47459411621094,5722.259765625,158.20590420047236,69.82005513587941,124.90418446690079,5741.02978515625,155.33858533195684,69.2278655178038,121.57513728542474,5712.06005859375,157.89591739047734,69.61618767161833,121.98501577990396,5733.64990234375,5420000,12329100,284692900,3624910000
2024-09-26,156.33631896972656,69.31522369384766,124.00444030761719,5745.3701171875,156.48161603728326,69.51909110567746,127.63339688941237,5767.3701171875,155.00922314943045,68.77156985567437,121.76508462125145,5721.009765625,155.2223353691693,68.79099003201652,126.76365118817954,5762.22021484375,6122000,10815200,302582900,4391180000
2024-09-27,156.3459930419922,69.69385528564453,121.36520385742188,5738.169921875,158.31242542752722,70.09188013321821,123.99444725769884,5763.77978515625,156.28787421774706,69.37348894542697,119.22581786965418,5727.33984375,156.92721084640903,69.4511548594123,123.93446689659378,5755.35986328125,7553800,11175700,271009200,3898530000
2024-09-30,156.98533630371094,69.76180267333984,121.40518951416016,5762.47998046875,157.10157395711255,70.09187165792272,121.46516987339125,5765.14013671875,155.64854416565876,69.5967681810484,118.11613173565692,5703.52978515625,156.51068936499874,69.89771430306554,118.27608190267567,5726.52001953125,6010000,18015300,226553700,4425730000
2024-10-01,156.9175262451172,69.61618041992188,116.96646118164062,5708.75,157.65372263951514,70.62581495201759,122.4049042106216,5757.72998046875,156.13287779014868,69.53851451592337,115.7568089513518,5681.27978515625,157.34373587493758,69.99479244362924,121.7350904738439,5757.72998046875,4408000,13294500,302094500,4025180000
2024-10-02,156.1232147216797,68.9366226196289,118.81592559814453,5709.5400390625,157.0434640188217,69.34435750770808,119.34577243311742,5719.6298828125,155.61949356012386,68.35414314999747,115.10699012612709,5674.0,156.45256461228053,69.30552455551555,116.4066204825267,5698.14013671875,4684400,11155500,221845900,3829050000
2024-10-03,155.47418212890625,68.46092224121094,122.81478118896484,5699.93994140625,156.3847497972976,68.91720015606525,124.3243504544059,5718.77978515625,155.2029510933407,68.15026604059517,120.30549859251518,5677.3701171875,155.7454131644718,68.79099862059348,120.88533415502995,5698.18994140625,4791200,9374800,277118000,3597450000
2024-10-04,155.27076721191406,68.12113952636719,124.88418579101562,5751.06982421875,155.47419789971502,68.22792828397415,125.00415413490973,5753.2099609375,153.80805578024246,67.68428181370429,121.79507530101387,5702.830078125,154.63144529522035,67.91727210001599,124.90418432860164,5737.47998046875,5331100,12684800,243678100,3479400000
2024-10-07,154.53456115722656,66.9950180053711,127.68338775634766,5695.93994140625,155.82291601758538,68.0531881549476,130.60254885006705,5739.33984375,154.23427069747817,66.85910637894159,124.91417756039569,5686.85009765625,155.23201664224763,68.00465252072459,124.95416700886946,5737.7998046875,4266000,14512000,346250200,3637790000
2024-10-08,154.68955993652344,67.1600570678711,132.85189819335938,5751.1298828125,155.23202204798955,67.41246756555795,133.44172537204778,5757.60009765625,153.9727265572381,66.84940084249828,129.38289186465897,5714.56005859375,154.49582557971183,67.02414543218478,130.2226473652744,5719.14013671875,4766300,13549700,285722500,3393400000
2024-10-09,155.61949157714844,67.53865814208984,132.61196899414062,5792.0400390625,156.17165001698834,67.70369261481578,134.48144332062452,5796.7998046875,154.51518947845267,67.05325740586478,131.34234403030248,5745.02001953125,154.91235451963743,67.16975624894468,134.0715571884807,5751.7998046875,6047200,9037700,246191600,3650340000
2024-10-10,155.48387145996094,67.22801208496094,134.7713623046875,5780.0498046875,156.33632034642284,67.8687447083892,134.96131029321415,5795.02978515625,154.98984664493432,66.97560159028053,130.9624566548967,5764.759765625,156.3072609326556,67.79107880131392,131.87219951867377,5778.35986328125,4793900,8635200,242311300,3208790000
2024-10-11,156.4041290283203,67.53865814208984,134.76136779785156,5815.02978515625,157.56654987386796,67.55807091262277,135.74108264717918,5822.1298828125,156.15226107811327,66.98530159905837,133.62169514533127,5775.08984375,157.1015697108625,67.43186938759014,133.97158567859756,5775.08984375,5253500,8786300,170209500,3208720000
2024-10-14,156.5397491455078,68.28617858886719,138.0304412841797,5859.85009765625,157.06283336802537,68.4123875326737,139.56000161928338,5871.41015625,155.86165674978554,67.441585966793,136.26094423310064,5829.56982421875,156.3460000147395,67.53866464205544,136.43089368651033,5829.81005859375,5964000,7659300,232347700,3005250000
2024-10-15,158.96145629882812,68.28617858886719,131.56228637695312,5815.259765625,161.5284695425841,69.13077861756953,138.53028982768672,5870.35986328125,154.02114936894077,68.1114414173717,128.70310551155586,5804.47998046875,154.98983584295925,68.402677443159,137.8304782609884,5866.740234375,10548000,10358700,377831000,3882120000
2024-10-16,159.1358184814453,68.50946044921875,135.68109130859375,5842.47021484375,159.82359240631837,68.63566197578895,136.58082718354044,5846.52001953125,157.54717319827,67.92698103997758,131.54227882589296,5808.33984375,158.86458744146293,68.04347247784929,133.9415846620271,5816.580078125,5982100,7937300,264879700,3467230000
2024-10-17,159.3198699951172,67.8590316772461,136.8907470703125,5841.47021484375,159.83327265814654,68.62596581146032,140.84961880375567,5878.4599609375,158.506176881748,67.54837546903777,136.83076670766295,5840.25,159.1164393262834,68.56771268036435,139.30005999950754,5875.6201171875,4798000,14674600,306435900,3480010000
2024-10-18,159.94952392578125,68.38325500488281,137.96043395996094,5864.669921875,160.11419887124597,68.4900437545655,138.86016981880368,5872.169921875,158.79678452654397,67.57748804150508,137.24063917112105,5846.10986328125,159.7267301502683,67.82989848681208,138.63024003343975,5859.43017578125,5908000,15087500,176090200,3374490000
2024-10-21,157.73121643066406,67.42216491699219,143.66880798339844,5853.97998046875,160.0754358659974,68.27647502417564,143.66880798339844,5866.919921875,157.22749533797804,67.28625329205447,137.96043821210023,5824.7900390625,159.93013881088712,67.95610873398185,138.090405825162,5857.81982421875,6082700,11981200,264554500,3407010000
2024-10-22,158.33180236816406,67.42216491699219,143.54885864257812,5851.2001953125,158.60303340037385,67.7134083456462,144.37862268295584,5863.0400390625,156.83033536637095,66.67465097983474,141.7393796377136,5821.169921875,157.23719669566833,66.98530718063924,142.86906078072698,5832.7001953125,5680300,18603300,226311600,3342080000
2024-10-23,160.66635131835938,66.02422332763672,139.51998901367188,5797.419921875,160.80196684373522,66.69407144015285,142.3891613712536,5834.85009765625,157.3340672308571,64.63597665006137,137.42060018656866,5762.41015625,157.72155071834788,65.0340014813676,141.9892821435429,5834.5,7441600,24655200,285930000,3532650000
2024-10-24,158.54490661621094,65.33494567871094,140.3697509765625,5809.85986328125,160.32728610438028,66.05333673427393,141.30948393843238,5817.7998046875,158.22523831980308,64.99515921922409,138.42031305269128,5784.919921875,159.83326134501283,65.67472473156992,140.77963709898057,5817.7998046875,5386300,17568800,172354900,3543030000
2024-10-25,155.84228515625,64.96603393554688,141.49942016601562,5808.1201171875,158.7870855428219,65.7232579127137,144.0886893234089,5862.81982421875,155.58073566877383,64.83983240822826,140.7596420534019,5799.97998046875,158.55459546717833,65.11165564037763,140.88959441527413,5826.75,6400400,11138100,205122100,3501280000
2024-10-28,156.5397491455078,64.72333526611328,140.479736328125,5823.52001953125,156.89815843165903,65.43202363140274,143.09898064959424,5842.919921875,155.95853131516972,64.6553794562878,140.00986979275078,5823.080078125,156.08446529397244,65.00486859442675,142.95902137870084,5833.93017578125,4842500,10761400,173586700,3691280000
2024-10-29,155.07701110839844,63.6457405090332,141.20950317382812,5832.919921875,157.09188070948926,64.40296445279743,142.2192081120129,5847.18994140625,155.047951697213,63.6069075623495,138.86017082456863,5802.169921875,156.40412160345724,64.35442882441323,140.2497716969522,5819.68017578125,5216900,16525900,157593600,3879100000
2024-10-30,155.5807342529297,63.99523162841797,139.300048828125,5813.669921875,156.22975241292283,64.59713121094047,140.28977049571748,5850.93994140625,154.05020785941556,63.41275222315965,136.77077537646986,5811.27978515625,154.45705440235236,63.59720687403199,139.49998843906093,5832.64990234375,5820500,14177800,179418100,3851120000
2024-10-31,154.85423278808594,63.40304946899414,132.72195434570312,5705.4501953125,155.8326008844147,64.06319484641986,137.5705707608992,5775.33984375,154.46676407969414,63.35451383347404,132.07214669412372,5702.85986328125,154.98016676975598,63.88845026396516,137.5605791178224,5775.33984375,8613900,13383700,270039600,4425660000
2024-11-01,155.1157684326172,63.111812591552734,135.36119079589844,5728.7998046875,156.01663975055715,63.74283509789766,137.2706470867555,5772.52001953125,154.87359681626998,62.99531373593224,134.53144208222884,5723.22021484375,155.55167438584564,63.5583804281556,134.6613944536623,5723.22021484375,5256400,12163100,207127800,3796450000
2024-11-04,153.2849578857422,63.208885192871094,136.01100158691406,5712.68994140625,155.26107185248225,63.509831282681255,138.9201710380497,5741.43017578125,153.12028295359576,62.76231739918818,135.53114345978716,5696.509765625,154.69923190581522,63.17976233342205,137.17067271068436,5725.14990234375,4644000,10984500,187528200,3602060000
2024-11-05,153.3915252685547,63.461307525634766,139.86988830566406,5782.759765625,153.62400058703543,63.55838621083682,140.32974787080795,5783.43994140625,151.45415211596662,62.75261905106482,137.29062621937655,5722.10009765625,152.732810710563,62.75261905106482,137.41058693125512,5722.43017578125,6547100,8780200,160537400,3768310000
2024-11-06,152.9362335205078,61.84006118774414,145.56825256347656,5929.0400390625,155.81323368644266,62.9661908687892,146.44800513885863,5936.14013671875,152.42283084398588,61.33524392337028,141.91930516184587,5864.89013671875,154.89296966156056,62.539035804842165,142.91901845044762,5864.89013671875,8926600,22899300,242043900,6329530000
2024-11-07,151.82223510742188,61.80122756958008,148.8373260498047,5973.10009765625,153.77898602895382,62.50991226866228,148.8872995129736,5983.83984375,151.60912288918655,61.74297814240236,146.12809620267714,5947.2099609375,153.50775498410584,62.41283359334684,146.34803435651398,5947.2099609375,7522800,14856100,207323300,4925740000
2024-11-08,150.6016845703125,62.05363845825195,147.58767700195312,5995.5400390625,152.1612703564731,62.36429468381831,149.72706281958904,6012.4501953125,150.5435657478813,61.87889757177091,146.21805942983792,5976.759765625,152.0837736662374,62.04393207140302,148.7273495355645,5976.759765625,8926100,14719300,175665800,4666740000
2024-11-11,150.18515014648438,61.50999069213867,145.21835327148438,6001.35009765625,152.6456221615239,62.2478019906743,148.80733573059373,6017.31005859375,150.05923095113576,61.403201922352125,143.52885055228916,5986.68994140625,150.74699009652502,62.12159674426163,148.6373710400852,6008.85986328125,7146800,13980900,182325600,4333000000
2024-11-12,147.8603057861328,61.35466003417969,148.24746704101562,5983.990234375,150.18514745828955,61.888600157621845,149.60707763368606,6009.919921875,147.59875629419574,61.276994130900924,145.96812211424654,5960.080078125,149.69112266772652,61.820644343909976,146.73790556674717,6003.60009765625,7181400,15021000,198634700,4243400000
2024-11-13,148.4415283203125,61.16049575805664,146.2280731201172,5985.3798828125,148.70306303959268,61.4129025237905,149.28719347067064,6008.18994140625,146.67851175103127,60.66538861233049,145.8581688148386,5965.91015625,147.724694971102,61.209035093392316,149.02727349633594,5985.75,7161900,13177600,191903300,4220180000
2024-11-14,147.1144256591797,60.72364044189453,146.71791076660156,5949.169921875,148.7805677534201,61.26729068095869,148.9572739334313,5993.8798828125,146.0391829679081,60.60714528470731,145.50826627914395,5942.27978515625,148.3834027095756,61.26729068095869,147.59766330614426,5989.68017578125,7716400,15910800,194463300,4184570000
2024-11-15,149.17771911621094,59.93729019165039,141.9392852783203,5870.6201171875,149.59424721107928,60.801302991092136,145.19836028928967,5915.31982421875,146.17478509173824,59.59750742225723,140.03983617411208,5853.009765625,146.17478509173824,60.6653913646605,144.8284560077565,5912.7900390625,11328500,26284300,250132900,4590960000
2024-11-18,149.9236297607422,60.05378723144531,140.10980224609375,5893.6201171875,150.46609189373876,60.325610492859006,141.50940991238423,5908.1201171875,147.56003208327033,59.76254749374289,137.1106625740026,5865.9501953125,147.81188527902316,60.044077141643854,139.45999475223928,5874.169921875,7510600,16062100,221205300,3983860000
2024-11-19,148.2090301513672,60.76247024536133,146.9678497314453,5916.97998046875,149.1680350793827,60.791593107319784,147.08782570288798,5923.509765625,147.288780959565,59.83050162954991,140.94958652618317,5855.2900390625,149.12927934316934,60.09261849711826,141.2794937524248,5870.0498046875,8233700,16254800,227834900,4036940000
2024-11-20,148.3155975341797,61.15079116821289,145.84817504882812,5917.10986328125,148.45121305927506,61.170203940266155,147.5176944558783,5920.669921875,147.05630206916038,60.209112481126816,142.68907730947365,5860.56005859375,148.2381008368418,60.86925783035833,147.36774356025674,5914.33984375,9061300,18904900,309871700,3772620000
2024-11-21,150.63075256347656,61.89830780029297,146.62796020507812,5948.7099609375,151.1732146450501,61.94685084248458,152.84617867409492,5963.31982421875,148.02498348214786,61.11196088186168,140.65967008206871,5887.259765625,148.80961719163696,61.30612194068559,149.30720000657334,5940.580078125,10141100,17292300,400946600,4230120000
2024-11-22,150.3110809326172,62.05363845825195,141.9093017578125,5969.33984375,152.2000166325871,62.59729240796457,147.11781483152527,5972.89990234375,149.28427561781214,61.79152527687323,141.05955459424152,5944.35986328125,151.01821793189148,62.36429468381831,145.88815647311117,5944.35986328125,8266000,19562200,236406200,4141420000
2024-11-25,150.9019775390625,62.50020217895508,135.9810028076172,5987.3701171875,152.12251717354584,62.82056847346044,142.0092725854583,6020.75,150.282018787756,61.975972147613504,135.78106320516017,5963.91015625,150.31107819945922,62.44195645509161,141.9492922301626,5992.27978515625,12256200,36805300,344941900,5633150000
2024-11-26,150.88246154785156,62.665245056152344,136.88075256347656,6021.6298828125,151.59527250594795,62.75261364331647,139.26007526155422,6025.419921875,149.5544766001253,62.18954694838671,135.63111085304342,5992.27001953125,151.50739476445315,62.432247343791445,137.66052777043362,6000.02978515625,5683500,14473300,190287700,3835170000
2024-11-27,151.74172973632812,62.548744201660156,135.3011932373047,5998.740234375,152.94278509019412,63.19917946297389,137.18065910710888,6020.16015625,150.96057441946314,62.37399962628637,131.76221489663718,5984.8701171875,150.98986699886643,63.06326783841962,134.97128602051475,6014.10986328125,4140400,13263400,226370900,3363340000
2024-11-29,151.3609161376953,62.6807975769043,138.2103729248047,6032.3798828125,152.00538270431213,62.84708378963255,139.31006372977,6044.169921875,150.54069408904653,62.37756516784404,136.0110065692894,6003.97998046875,151.24374581634066,62.62210261850255,136.74079305563075,6003.97998046875,5687800,10648400,141863200,2444420000
2024-12-02,151.15586853027344,62.260189056396484,138.5902557373047,6047.14990234375,151.35115736631334,62.788398927337184,140.40972595950504,6053.580078125,150.306338999146,61.96673664049445,137.78049042793322,6035.330078125,151.10704259636768,62.65145645666422,138.79019534076207,6040.10986328125,6946500,16500100,171682800,4412470000
2024-12-03,148.7733154296875,62.13302230834961,140.2198028564453,6049.8798828125,151.1558781194377,62.680795884682205,140.4997214017946,6052.06982421875,148.72448949268428,61.65371996263332,137.91046723010535,6033.39013671875,151.1558781194377,62.32865599499713,138.22037595856943,6042.97021484375,8674400,24874500,164414000,4095000000
2024-12-04,146.9278106689453,60.85162353515625,145.098388671875,6086.490234375,147.99214757506743,61.966730667612545,145.7481962192296,6089.83984375,146.2247588833491,60.54839487400887,140.24977303436475,6061.06005859375,147.72849943057278,61.8982594388759,141.95928950014692,6069.39013671875,10333100,28137700,231224300,4003390000
2024-12-05,146.0001678466797,61.54612350463867,145.02841186523438,6075.10986328125,146.83992326315743,61.741757198457954,146.50808533514203,6094.5498046875,145.44357901152873,60.74402871824171,143.91865294893697,6072.89990234375,146.46886403972346,61.10595235779821,145.0784040292141,6089.02978515625,7898100,21040400,172621200,4212020000
2024-12-06,145.7950897216797,61.16463851928711,142.40899658203125,6090.27001953125,146.51767473965916,61.97651702493031,145.66828146425675,6099.97021484375,144.8869900108561,61.14507477719185,141.27923767487087,6079.97998046875,145.8732082289949,61.45809091931378,144.56853006182772,6081.3798828125,8389600,15581100,188505600,3924830000
2024-12-09,146.07827758789062,61.23310852050781,138.77975463867188,6052.85009765625,147.33790318715586,61.55590466149001,139.91950565348523,6088.509765625,144.94558153145243,60.54839621794349,137.1001279875636,6048.6298828125,145.77556277140783,61.32114349246639,138.93972344033872,6083.009765625,8410300,22348300,189308600,4556460000
2024-12-10,145.71697998046875,61.53634262084961,135.04058837890625,6034.91015625,147.27932042159756,61.66350507972767,141.78911819403848,6065.39990234375,144.83817279457298,60.44079917506018,133.76085313448985,6029.89013671875,146.4004983361191,61.33092892440202,138.97971741196267,6057.58984375,9398700,14949400,210020900,4048410000
2024-12-11,143.18795776367188,61.272239685058594,139.27964782714844,6084.18994140625,145.00417223410255,62.24062443478214,140.1394610798945,6092.58984375,142.92430964227208,61.037482233333286,135.18055019628483,6060.14990234375,145.00417223410255,61.624379594048975,137.33007570041752,6060.14990234375,13446700,32819000,184905200,4269950000
2024-12-12,142.79739379882812,62.44603729248047,137.31008911132812,6051.25,144.29137513083234,62.52428853152871,138.4098556769623,6079.68017578125,142.57279746294867,61.839576197097706,135.77043117490655,6051.25,143.73478625441516,62.16236862170055,137.05015122102654,6074.2900390625,6176300,17542100,159211400,3678010000
2024-12-13,143.16842651367188,61.741756439208984,134.22076416015625,6051.08984375,143.47112644659353,62.44603623573683,139.56960518418134,6078.580078125,141.6256193688481,61.73197643376934,132.51112983721956,6035.77001953125,142.23103413427467,62.181931312038884,138.90974525213795,6068.169921875,8324900,13429000,231514900,3584960000
2024-12-16,140.46365356445312,61.1842041015625,131.9712371826172,6074.080078125,143.7836086880794,62.465601261824574,134.37070812011547,6085.18994140625,140.14142025957898,60.98857040612825,130.39157963416955,6059.14013671875,143.27584576225493,61.84935642719752,134.1507548377073,6063.7900390625,8732400,24559700,237951100,4391100000
2024-12-17,142.96336364746094,62.01564407348633,130.36160278320312,6050.60986328125,143.20747839384362,62.16236654106673,131.5613383936032,6057.68017578125,140.32692736644415,60.959224396176666,126.8323727744144,6035.18994140625,140.45385690284763,61.086386853201475,129.06188284882555,6052.5498046875,10343000,21902400,259410300,4544500000
2024-12-18,141.3424530029297,61.4776496887207,128.88192749023438,5872.16015625,143.28561195210492,62.25040069457088,136.67022414162827,6070.669921875,141.26433448793145,61.41896219502214,128.2520598203989,5867.7900390625,142.25055280306566,61.43852593672239,133.83084634553458,6047.64990234375,9336100,20946100,277444500,5246960000
2024-12-19,140.1999969482422,61.086387634277344,130.65151977539062,5867.080078125,141.80138924864332,61.79066369675338,134.0007959707685,5935.52001953125,139.99493398496173,61.03748014445853,129.52177635647746,5866.06982421875,140.74681165087918,61.33092881477373,131.7312862928068,5912.7099609375,9516700,21300600,209719200,4896880000
2024-12-20,141.0690460205078,61.1842041015625,134.670654296875,5930.85009765625,142.04550511117398,61.683070211489955,135.25052978203578,5982.06005859375,139.38953519259533,60.920099172436615,128.19207015255643,5832.2998046875,139.68247589971185,61.105952862230225,129.7817201303188,5842.0,17702800,42458100,306528600,8223220000
2024-12-23,141.8502197265625,61.01791763305664,139.6395721435547,5974.06982421875,141.9088048894955,61.389617548299135,139.75954112073697,5978.25,140.0730569864818,60.18647536375635,135.09056027465786,5902.56982421875,141.22528648930432,61.13529635726994,136.25031123897003,5940.25,8720800,13010800,176053500,3593280000
2024-12-24,142.41656494140625,61.467872619628906,140.18946838378906,6040.0400390625,142.41656494140625,61.467872619628906,141.8690952419841,6040.10009765625,140.93234294537487,60.65599409159827,138.61980292789985,5981.43994140625,141.5865687509638,60.84184778092702,139.9695150682445,5984.6298828125,3164100,5019100,105157000,1757720000
2024-12-26,142.1529083251953,61.203765869140625,139.89952087402344,6037.58984375,142.92430440823344,61.37005581088423,140.81933395538283,6049.75,141.67443803344858,61.03747965879928,137.70000300728188,6007.3701171875,142.084549040839,61.2526733585703,139.6695752314167,6024.97021484375,4656300,7943800,116205600,2904530000
2024-12-27,141.63539123535156,61.086387634277344,136.9801483154297,5970.83984375,143.14890577539174,61.57546999527011,138.98972022149263,6006.169921875,141.27409124734757,60.851626459183805,134.68066155069724,5932.9501953125,141.45962085477984,61.086387634277344,138.5198213856297,6006.169921875,5588300,8542800,170582600,3159610000
2024-12-30,139.9656524658203,60.67555618286133,137.46005249023438,5906.93994140625,141.46940791649595,60.978788588343185,140.23944563051566,5940.7900390625,139.58483398927493,60.33320002457718,133.99080722961983,5869.16015625,141.4303412063155,60.978788588343185,134.80062832550155,5920.669921875,6268700,8972200,167734700,3433250000
2024-12-31,141.2154998779297,60.90053176879883,134.26075744628906,5881.6298828125,141.26432580925183,61.066821705912474,138.0399485497518,5929.740234375,139.93634093503397,60.45057690833015,133.80086613446198,5868.85986328125,140.37574451776865,60.66577433351176,137.99994871496077,5919.740234375,5811400,9256700,155659200,3128350000
